
GO
CREATE TABLE [dbo].[__MigrationHistory](
	[MigrationId] [nvarchar](150) NOT NULL,
	[ContextKey] [nvarchar](300) NOT NULL,
	[Model] [varbinary](max) NOT NULL,
	[ProductVersion] [nvarchar](32) NOT NULL,
 CONSTRAINT [PK_dbo.__MigrationHistory] PRIMARY KEY CLUSTERED 
(
	[MigrationId] ASC,
	[ContextKey] ASC
)WITH (PAD_INDEX = OFF, STATISTICS_NORECOMPUTE = OFF, IGNORE_DUP_KEY = OFF, ALLOW_ROW_LOCKS = ON, ALLOW_PAGE_LOCKS = ON) ON [PRIMARY]
) ON [PRIMARY] TEXTIMAGE_ON [PRIMARY]
GO
/****** Object:  Table [dbo].[AspNetRoles]    Script Date: 5/30/2021 2:02:11 AM ******/
SET ANSI_NULLS ON
GO
SET QUOTED_IDENTIFIER ON
GO
CREATE TABLE [dbo].[AspNetRoles](
	[Id] [nvarchar](128) NOT NULL,
	[Name] [nvarchar](256) NOT NULL,
 CONSTRAINT [PK_dbo.AspNetRoles] PRIMARY KEY CLUSTERED 
(
	[Id] ASC
)WITH (PAD_INDEX = OFF, STATISTICS_NORECOMPUTE = OFF, IGNORE_DUP_KEY = OFF, ALLOW_ROW_LOCKS = ON, ALLOW_PAGE_LOCKS = ON) ON [PRIMARY]
) ON [PRIMARY]
GO
/****** Object:  Table [dbo].[AspNetUserClaims]    Script Date: 5/30/2021 2:02:11 AM ******/
SET ANSI_NULLS ON
GO
SET QUOTED_IDENTIFIER ON
GO
CREATE TABLE [dbo].[AspNetUserClaims](
	[Id] [int] IDENTITY(1,1) NOT NULL,
	[UserId] [nvarchar](128) NOT NULL,
	[ClaimType] [nvarchar](max) NULL,
	[ClaimValue] [nvarchar](max) NULL,
 CONSTRAINT [PK_dbo.AspNetUserClaims] PRIMARY KEY CLUSTERED 
(
	[Id] ASC
)WITH (PAD_INDEX = OFF, STATISTICS_NORECOMPUTE = OFF, IGNORE_DUP_KEY = OFF, ALLOW_ROW_LOCKS = ON, ALLOW_PAGE_LOCKS = ON) ON [PRIMARY]
) ON [PRIMARY] TEXTIMAGE_ON [PRIMARY]
GO
/****** Object:  Table [dbo].[AspNetUserLogins]    Script Date: 5/30/2021 2:02:11 AM ******/
SET ANSI_NULLS ON
GO
SET QUOTED_IDENTIFIER ON
GO
CREATE TABLE [dbo].[AspNetUserLogins](
	[LoginProvider] [nvarchar](128) NOT NULL,
	[ProviderKey] [nvarchar](128) NOT NULL,
	[UserId] [nvarchar](128) NOT NULL,
 CONSTRAINT [PK_dbo.AspNetUserLogins] PRIMARY KEY CLUSTERED 
(
	[LoginProvider] ASC,
	[ProviderKey] ASC,
	[UserId] ASC
)WITH (PAD_INDEX = OFF, STATISTICS_NORECOMPUTE = OFF, IGNORE_DUP_KEY = OFF, ALLOW_ROW_LOCKS = ON, ALLOW_PAGE_LOCKS = ON) ON [PRIMARY]
) ON [PRIMARY]
GO
/****** Object:  Table [dbo].[AspNetUserRoles]    Script Date: 5/30/2021 2:02:11 AM ******/
SET ANSI_NULLS ON
GO
SET QUOTED_IDENTIFIER ON
GO
CREATE TABLE [dbo].[AspNetUserRoles](
	[UserId] [nvarchar](128) NOT NULL,
	[RoleId] [nvarchar](128) NOT NULL,
 CONSTRAINT [PK_dbo.AspNetUserRoles] PRIMARY KEY CLUSTERED 
(
	[UserId] ASC,
	[RoleId] ASC
)WITH (PAD_INDEX = OFF, STATISTICS_NORECOMPUTE = OFF, IGNORE_DUP_KEY = OFF, ALLOW_ROW_LOCKS = ON, ALLOW_PAGE_LOCKS = ON) ON [PRIMARY]
) ON [PRIMARY]
GO
/****** Object:  Table [dbo].[AspNetUsers]    Script Date: 5/30/2021 2:02:11 AM ******/
SET ANSI_NULLS ON
GO
SET QUOTED_IDENTIFIER ON
GO
CREATE TABLE [dbo].[AspNetUsers](
	[Id] [nvarchar](128) NOT NULL,
	[Email] [nvarchar](256) NULL,
	[EmailConfirmed] [bit] NOT NULL,
	[PasswordHash] [nvarchar](max) NULL,
	[SecurityStamp] [nvarchar](max) NULL,
	[PhoneNumber] [nvarchar](max) NULL,
	[PhoneNumberConfirmed] [bit] NOT NULL,
	[TwoFactorEnabled] [bit] NOT NULL,
	[LockoutEndDateUtc] [datetime] NULL,
	[LockoutEnabled] [bit] NOT NULL,
	[AccessFailedCount] [int] NOT NULL,
	[UserName] [nvarchar](256) NOT NULL,
	[Country] [nvarchar](max) NULL,
	[Address] [nvarchar](max) NULL,
	[TaxNo] [int] NOT NULL,
	[Role] [nvarchar](max) NULL,
 CONSTRAINT [PK_dbo.AspNetUsers] PRIMARY KEY CLUSTERED 
(
	[Id] ASC
)WITH (PAD_INDEX = OFF, STATISTICS_NORECOMPUTE = OFF, IGNORE_DUP_KEY = OFF, ALLOW_ROW_LOCKS = ON, ALLOW_PAGE_LOCKS = ON) ON [PRIMARY]
) ON [PRIMARY] TEXTIMAGE_ON [PRIMARY]
GO
/****** Object:  Table [dbo].[Orders]    Script Date: 5/30/2021 2:02:11 AM ******/
SET ANSI_NULLS ON
GO
SET QUOTED_IDENTIFIER ON
GO
CREATE TABLE [dbo].[Orders](
	[OrderId] [int] IDENTITY(1,1) NOT NULL,
	[Status] [nvarchar](max) NULL,
	[OrderTime] [datetime] NOT NULL,
	[ProviderId] [nvarchar](128) NULL,
	[CustomerId] [nvarchar](128) NULL,
	[ServiceId] [int] NOT NULL,
	[OrderDetail] [nvarchar](max) NULL,
	[OrderFile] [nvarchar](max) NULL,
 CONSTRAINT [PK_dbo.Orders] PRIMARY KEY CLUSTERED 
(
	[OrderId] ASC
)WITH (PAD_INDEX = OFF, STATISTICS_NORECOMPUTE = OFF, IGNORE_DUP_KEY = OFF, ALLOW_ROW_LOCKS = ON, ALLOW_PAGE_LOCKS = ON) ON [PRIMARY]
) ON [PRIMARY] TEXTIMAGE_ON [PRIMARY]
GO
/****** Object:  Table [dbo].[ServiceProviders]    Script Date: 5/30/2021 2:02:11 AM ******/
SET ANSI_NULLS ON
GO
SET QUOTED_IDENTIFIER ON
GO
CREATE TABLE [dbo].[ServiceProviders](
	[Id] [int] IDENTITY(1,1) NOT NULL,
	[UserId] [nvarchar](128) NULL,
	[Status] [nvarchar](max) NULL,
	[CitizenCard] [nvarchar](max) NULL,
	[Diploma] [nvarchar](max) NULL,
	[ProofOfInitiationActivity] [nvarchar](max) NULL,
	[RequestTime] [datetime] NOT NULL,
	[ApproveTime] [datetime] NULL,
	[CompanyName] [nvarchar](max) NULL,
	[FullAddress] [nvarchar](max) NULL,
 CONSTRAINT [PK_dbo.ServiceProviders] PRIMARY KEY CLUSTERED 
(
	[Id] ASC
)WITH (PAD_INDEX = OFF, STATISTICS_NORECOMPUTE = OFF, IGNORE_DUP_KEY = OFF, ALLOW_ROW_LOCKS = ON, ALLOW_PAGE_LOCKS = ON) ON [PRIMARY]
) ON [PRIMARY] TEXTIMAGE_ON [PRIMARY]
GO
/****** Object:  Table [dbo].[Services]    Script Date: 5/30/2021 2:02:11 AM ******/
SET ANSI_NULLS ON
GO
SET QUOTED_IDENTIFIER ON
GO
CREATE TABLE [dbo].[Services](
	[ServiceId] [int] IDENTITY(1,1) NOT NULL,
	[Price] [float] NOT NULL,
	[Category] [nvarchar](max) NULL,
	[SubCategory] [nvarchar](max) NULL,
	[Detail] [nvarchar](max) NULL,
	[Created] [datetime] NOT NULL,
	[UserID] [nvarchar](128) NULL,
	[Image] [nvarchar](max) NULL,
	[Service] [nvarchar](max) NULL,
	[DeliveryTime] [int] NOT NULL,
 CONSTRAINT [PK_dbo.Services] PRIMARY KEY CLUSTERED 
(
	[ServiceId] ASC
)WITH (PAD_INDEX = OFF, STATISTICS_NORECOMPUTE = OFF, IGNORE_DUP_KEY = OFF, ALLOW_ROW_LOCKS = ON, ALLOW_PAGE_LOCKS = ON) ON [PRIMARY]
) ON [PRIMARY] TEXTIMAGE_ON [PRIMARY]
GO
INSERT [dbo].[__MigrationHistory] ([MigrationId], [ContextKey], [Model], [ProductVersion]) VALUES (N'202105280329494_initital', N'Corax.pt.Migrations.Configuration', 0x1F8B0800000000000400DD5C6D6FE33612FE7EC0FD07419F7A87D4CA4B77B117D82D5227B90BBA79C13A5BF4DB82966847588952252A7570E82FBB0FFD49FD0B37942859E28B44D98AED140B2C2C72F8CC70382487C361FEFCDF1FE31F5661603DE324F52332B14F46C7B685891B793E594EEC8C2EBEFD60FFF0FDDFFF36BEF2C295F5734977C6E8A0254927F613A5F1B9E3A4EE130E513A0A7D3789D26841476E143AC88B9CD3E3E37F3927270E06081BB02C6BFC2923D40F71FE019FD388B838A6190A6E230F07292F879A598E6ADDA110A73172F1C49E46095A8D623A2A486DEB22F0118831C3C1C2B61021114514843CFF9CE2194D22B29CC5508082C7971803DD020529E6C29FAFC94DFB717CCAFAE1AC1B96506E96D228EC097872C615E388CD3752AF5D290E5477052AA62FACD7B9FA26F68D87F3A24F51000A10199E4F8384114FECDB8AC5451ADF613A2A1B8E0AC8EB04E07E8B92AFA33AE29165DCEEA832A4D3D131FB77644DB38066099E109CD1040547D643360F7CF727FCF2187DC5647276325F9C7D78F71E7967EFBFC367EFEA3D85BE025DA3008A1E9228C609C8861755FF6DCB69B673C48655B35A9B422B604B30276CEB16AD3E62B2A44F305B4E3FD8D6B5BFC25E59C28DEB33F1610A41239A64F0799705019A07B8AA775A79B2FF5BB89EBE7B3F08D73BF4EC2FF3A117F8C3C449605E7DC2415E9B3EF97131BD1AE3FD85935D2751C8BE9BF655D47E994559E2B2CE445A9247942C316D4A3776D6C66B64D20C6A78B32E510FDFB499A4B2792B495987369909258B5DCF8652DED7E56B6C7117710C83979B16D3489BC1093BD548680A96C109D64673626A34043AF3575E03AF42E407032C82065CC0F958F84988AB5EFE1881C921D25BE60794A6B00678FF41E9538BE8F07300D167D8CD1230CD194561FCEADC1E9E2282EFB270CE2C7E77BC061B9AC7DFA26BE4D228B922ACD5D6781F23F76B94D12BE25D228A3F53B704649F8F7E680E30883817AE8BD3F41A8C197BD3087CEB12F086D0B3D3DE706C75DAB713320D901FAABD10611DFD5292AE3D113585E48D68C8541E499BA81FA3A54FCC442D49F5A216149DA272B2BEA23230334939A55ED09CA053CE826A301F2F1FA1E19DBC1CF6F0BDBCED366FDD5A5053E30C5648FC6F4C7002CB98F78028C509598F80C9BAB10F67211F3EC6F4D5F7A69CD3CF28C88666B5D16CC81781E167430E7BF8B32117138A9F7D8F792506479F9218E08DE8D5A7AAEE392748B6EBE9D0E8E6AE99EF660DD04D978B348D5C3F9F058AA0170F5934E5071FCEEA8E5F14BD116320D03130749F6D7950027DB345A3BA279738C0145B176E11149CA2D4459EAC46E890D743B072475508B68E853485FBA7C4132C1D27AC116287A01466AA4FA83C2D7CE2FA310A3AB524B434DCC258DF2B1E62CD258E31610C3B3561C25C1DFA6002547C8441E9D2D0D8A9595CBB216ABC56DD9877B9B0EB719722123BB1C90EDF596397DC7F7B15C36CD7D80E8CB35D25260268C378FB30507E56313500F1E07268062A9C983406CA5DAA9D186853637B30D0A64ADE9C81164754D3F117CEAB87669ECD83F2EEB7F55675EDC1361BFA3830D32C7C4F6843A1054E64F3BC9CB34ABCA28AC319C8C9CF67297775451361E0334C9B219BB5BFABF4439D7610D188DA00D786D601CA2F0025206942F510AE8CE5B54AC7BD881EB065DCAD1596AFFD026CCD0664ECFA45688D507F5D2A1AA7D1E9A3EA59650D92911B1D166A380A831017AF66C70D94A28BCBCA8A31F185FB78C3B58EF1C168515087E7AA5152D999C1B5549A66B796540E591F976C2B2D09EE93464B656706D712B7D16E25299C821E6EC1562A6A6EE1034DB632D251ED3655DDD82992A378C1D8D164518D6F511CFB6459CBAAE225D68CA7547D3BEB9F6E1416188E9B2AB28E2A692B4E344AD0120BB5EC8EDCC3D77E92D24B44D11CB138CFD40B2532E5DEAA59FE4B96F5ED531EC4721F28A9D96F1EE315AEED1B1BADEC8970806BE85EC8DC993C86AE187C75738BA5B8A100258AB0FD340AB290E8BD2B7DEBE2F2AEDEBE289111C68E20BFE43D49AA927CDCA6DE8D46459E11438C50E5B96C3E4A7A089DAE4BBFB3AE6D9D2FAA4729435375145DB86A6FA3A67361CC474A740DFB0F5427C2EBCC289E8F5207E0453D316A290D1258ADCE1CB5997552C76CD698230AA9257548A1AA8794F504928690F58A8DF0341A55539873905346EAE872AD39B22279A40EADA8DE005B21B358678EAAC82FA9032BAACDB1D7C926E20A7AC07B96F6C0B2D9A6551C68B7DBB53418AFB31C0EB3E9D5EEEDEB40B5E29E58FC665E02E3E507694ADA53DD66A6540431B633250D867ECD695C7737979CD63B7A3D66E30EBBB1ACB7DDE1EBF1FA19ECAB9A8574A213492AEED5C94E38C18DF969CAE4B18C70BC2A486CAB54236CE92F29C5E188118C66BF06D3C0C76C012F096E11F11738A545DE867D7A7C722A3CB9399CE72F4E9A7A81E234AA7B03D31CB31DA460916794B84F28911322B67822B2069562CD37C4C3AB89FDDFBCD5791EB660BFF2E223EB26FD4CFC5F33A8784C326CFD2E27780E93326FF048A312F4F737F1FAC15CE537BF7C299A1E59F7094CA773EB5850F426C3DF7C13D14B9AA2E916D26CFC52E2EDCEB6C6630425AA305B367F7B30F7E920EF0E4A29BF09D1EA1F7D4553BE2DD80A51F17E6028BC4154A87B1FB00996F66D80079F347F1BD0AFB3EAB7029B88A67D27E093FE60E22B01F365A86CB9C77D48715ADAC59294EBB933CB7AAB94CB7DEF4D5232F656135D4EB8EE01376852F5762ECA1B4B561E6CEB54E4220F86BD4FBB7FF504E443C9395E3BEDFB4D35DE657671CB3DD25F2AA9F800D2E014693DFB4F1DDEB5ADE9C2BF079E7FD92F41F8C08C8D6FF3FB4F03DEB5B1E902C4076E6CBD927D0FCCD6F6B57FEED9D28CB7D0BDA7EECA59489A6B1C5514B92B35B708B9C3F17F1E8111141E65F1A2529D0BD696C7DAC1704DA267AA4F4213194B1347E22B51B4B3EDD757BEE1B77696D3B4B3D5A46EB6F1E6EB7F2B6F4ED3CE5B9310B98FA462654AA22AD1BB631D6BCB9A7A4B49C48D9E74E4AC77F9ACAD77F26F29677810A534668FE676F9EDA4080FA29221A74E8F9460F9A218F6CEDADF5E84FD3BF5976B08F6971809761BBB664573431651B9790B1295244284E61653E4C1967A91507F815C0AD52C009D3F09CF837AEC1A648EBD1B729FD138A3D0651CCE8346C08B39016DFCF3BCE7A6CCE3FB987DA5437401C4F459E0FE9EFC98F98157C97DAD880969209877C1C3BD6C2C290BFB2E5F2AA4BB88180271F5554ED1230EE300C0D27B3243CF7813D9C0FC3EE225725FD611401D48F74034D53EBEF4D1324161CA31D6EDE1136CD80B57DFFF1FF6CECE2E82540000, N'6.2.0-61023')
INSERT [dbo].[__MigrationHistory] ([MigrationId], [ContextKey], [Model], [ProductVersion]) VALUES (N'202105280348129_addbusinessideeatables', N'Corax.pt.Migrations.Configuration', 0x1F8B0800000000000400ED5DDB6EE4B8117D0F907F10FA290966BB7DC90C2686BD0BAF3D4E8CCCD8C6B46791B7012DB1DBC2E8D22BA9BD7682FDB23CE493F20B212551E2552225EA6264312F63912C168BC56255913CFDDF7FFFE7F487E730709E6092FA7174B6385C1E2C1C18B9B1E747DBB3C53EDB7CF77EF1C3F7BFFFDDE9072F7C767E22F58E713DD4324ACF168F59B63B59AD52F71186205D86BE9BC469BCC9966E1CAE8017AF8E0E0EFEB23A3C5C414462816839CEE9E77D94F921CCFF407F5EC4910B77D91E049F620F0669F91D95AC73AACE0D0861BA032E3C5B5CC409785EEEB2655175E19C073E406CAC61B05938208AE20C6488C9932F295C67491C6DD73BF40104F72F3B88EA6D4090C292F993BABAEE380E8EF03856754342CADDA7591C1A123C3C2E05B3E29B7712EFA2121C12DD0724E2EC058F3A17DFD9E236F1D0FC2D1CBEAB938B20C1D504D92E8B166F1CF2FD4DA5014851F03F54B40FB27D02CF22B8CF1210BC71EEF60F81EFFE1DBEDCC7DF607416ED8380660B3186CA980FE8D35D12EF6092BD7C861B9AD96B6FE1ACD8C62BBE75D5966F580CE93ACA8E8F16CE0D62033C04B09A7F6AF8EB2C4EE05F6104139041EF0E64194CD0F45D7B3097A0C002D7E11A91D9A7A43FA47268E92C9C4FE0F9238CB6D9E3D902FD77E15CF9CFD0235F4A1EBE443E5A69A85196EC615B37F9B8EED1A2213D5D226E8BBF85C13553427F3EF98C90244C1F1EBDB7C0F445AE6AA374B586C993EFC2F699E7C8DC80277F9B2B8282F785F319067985F4D1DF1586A65C195FEB3A57491C7E8E836A9955455FD7F13E71F1ACC5F2F27B906C61A6CF5739D026B6AA2A025765898A2952DC89279810CD6AE58DAE2AE7B1AED1C82B554DC6F3E9AAB6828DB6F17CB743562B6719ED1B898991E49A4E622DBB184A2B6BD2D0F45CC468E34F5E063796E79E97C07478A37C0F9E6F624383C391F810023F6860F4E8ED3B0B8CE6BD20376BE32721AC26FEC7182D281099EF20204D7F8913EF6F207D1C5CC66BE8EE13B45AD13E1BEE06EFEDEE318EE0CD3E7CC04660BCBEAC4DCDFD2FF115709147F321C2AD7AD3FB18BBDFE27DF621F2B0BFF1257345F74393801576CE5D17ADEB2BA4CCD0CB8D49BFC5870D36FE9F85F5D7DDCF08801FA6D22D93DB5ABE92AAF59629AF216C998A6AA6DBFCC778EB477AAC92AA6A568B1AADAC96D54C59C5C4F4382D6BAA19CD2BB4F259D4EAE584908803D3CB67A8C90DF9540582E7E9EE06664BD27A59D0BD4A104D64A4BF2D05B26F1CEDC6B50F73A4EBC31C1F3E6C8EDFBF7D07BCE3777F86C76FC7F767868FF9B02827F19FF0F4E14E07DF9BF29E7E02C1DE76579D56436E04ECAF869CECFC5743CE661D30ADDA5B90CA88BC567DA2CFA66B8EE36CECE5C00C73ECCEC7B1019D960BDE8BECAF164C75FE8B45AECAD2AA78405DB47E2AEB4FF89D89C695C922A38C3269334996844A119A4EB97676D19E8F7197E429BC32DA8A91083AF80BA8E76D3C42C265BD7F18ADAF4B18F84F3079B1920CBF845973FEC5923B9540AC04BDD9CD4DCFE5E0C9F4EB106C07F03195D15A917395046BC45E7C2D6AD4411A532004676CA995A0CCFE9EFA3AF6D3D7925A9E3A8D83354D9E70A0E7FB6B59AD5664B154D06649955E2A5DAE8EDA6F37DEBF49D35778D8F18A9203B33877BEF033FF9F30BA0049D3902CEDECFE2E407A387CE23D89E3CDEDE63A4263CBA7FCDCCDFCA77C6A07EEF933FC790FD3CC8AEB72BEDBA16508E5B4DACEE1C21D885E5A6CA69D215FA1510D761ED7D9A3A88E8D158E0553AEF22FD84A2636F93C4D63B7D03DF90934C9F5B3C3FD10798E5EE2BF90B324DF8DA48EECB28FBF21BE90315AF016F736421E36CCA0835705BEC87401521778A2F0D1D83C43FE888C28FE24596F96C33F091DA3BD0026B815C0679A29DA5DFC2813370E3F72FD1D08B424C6B5D6DC78B010AA7EF8924BB883111E9C9648741850E63656555FDC0CB549EA744569A2998296273CBA0AC01FF7CC4D41B9732685829689E851149495D8040ACA8AE4D5296871B0A73BFFDC29DFDCD4933D5E54686711A38EA29C8CB826D04D461EB3574DFEBAA06AD6957707EBF926B778DB66594D54A2442D3A7EB05C1EDA5123052F23289042B43A3DD3B75827511F360BA69A67454AAC9EE53A61AFAF3CF24CDA14AA23E56404C5918A55DBE25C4E6B71C84DE016DB205C0BB6606FF8BBC41A8A68752FED639F38DE75665B79B8D4C54A71F3D1BBFF91158EBADEADA324B2BBDEB6145072417CC27D4FC1D278DB9F42DE3A0CD0CF4626D130491E5DA5014D4975D17596B9CD03B9F50DA9FCF17D7AB594465048B524743A975FDD18D71D6353882D0E94229F28EC89F5A18CB18F26CF464EE8AA49191ACF63938A7C66A162911D466D32D402266226E3F20117C2E74C724A87F82C0FEAD2323DCE6B0826BE8619F700B44E49735BACA0616CFBF2EC52682EE8550B1D21E32B232A490B1B9025D7CF1BC996C93C03B2E55DF146AA85C16E215A7BC002ADBAA885461B33268C90B5D2C090EA022A6D206BBAAAA70B54E5E6470EFCDAD33EFAA8465829ACB08EB58F29285A32A5E5377E56121DA444D4B65D4AB2ECBB49FEBD9794B85CB9424A6430D6A5542A7EBB90241960831C702F11B1F95A8584CA81F41690F01A59144D6306522B07498D41BE5F68251DDB84DA61F4DC1D3171EC0DE9338D041AC5B1CA346B64CC061837FFD85B39E9D224904E1AA8D394F3791F0DF9F51C3CFD9ABC5908AAC484496AA2BB5024B98801D44276DD4C944A5B30AD1B4E5303905A33DDE877600B290DD9D4A6A221B4D30FEE44C5A7BCAC7603220FE77A280CB98B52451B55D9E9AAC0D9293F9CAE14803CA79FC06EE7475B0AA0A7FCE2AC4B749EEFD6E6C835614163E5323AC8C746554F599C802DE44AF19D260F5EF9499A5D820C3C007C77E8C20B856AD2D84AE123932E99F0499C38E22F93EAF8FFE49E950C50471284964DAFD0C8421CC8E65710454B2334743044120840A242C1B988837D18711F79E553D321970C6932E49B3E150ABB46E047765DAD89169D86A48935A527D5D4E8A33D9A5AD3915F83B4EA1C3C2330756A1E2F366EEE85A483A06042BA9155572D6556997C7D5DE6A37E73A56EA5A092332F60C339272024CC84938FFA74AA4B8D349DEAA33E9D124484A6527ED2A751A288D034CA4F863428200A81185566B05E19AC1066C5322526AB8C010461571A5364C0250DFBC130491774A2A790A8BC8681D608401F8C0209A5FA9425901F3469497107DA129EF932839528A282306B522CD6A75D4384D024EBAFB3B1E89204551FF32EE65FCD0DBC068D614C3CC9E0F35366B851D4680BCC56517F36A455E22908C4CAEFB3542565A2B19B2A1539F77EAAA4A0A1B6390C48016B721A9115D43419E401991B2A455E50D33353D819A8852AB5DA4D2BF2A38A7E4A212731AC8120A7D03415D5C9F464B35625DDFA4C968A88C624A99BDA0CA3D40B35CF8DB24B34FF6460BBAB97ED8CE5AEBE1AB8AEF43379666C74813E3DF6293C4D902D31A198099104F9662031F2DC9D1118F96868162F25CB5472AD524DA57CCDCEB813C5A7D92C527BE6B4A7293533A3FDBC34D1AD9E994B2DA46D2D9850D50184BE25555398B3336D2793C8BC46668C0B5D6060EEC88B63C6DE918F46FEA0EA4531E71DAAAA19781DF41B62C6F5A00B0CA267FA1D311337D30526F935EA71319B63A30AF4E9310F88697A4CC1C84643384CE1AB54BD57872ADCE1C9697990A1F39307DCC9465165E1104B8056D24B9AC170892B2CD73F0717810F719A8354F804227F835523075E581C1D1C1E713F9C309F1F3158A5A917480E8228000BD969C8B83F2BE063E9B6E244183EE867111DA22790B88F20F943089EFF48D3EAF46B011E6231B3F36B018431C98DC4EBC883CF678B7FE56D4F9CEB7F7CAD9BBF7172A64E9C03E757110EC36C78E2EF0A18315537B7C914159F504AA2C14ED590E5C60E4A5BE321CB18802BF5CCA8C5DB053CBED7FAE000297AD16240E0F339EF03012F15578E5E64C6951CF1FDC137674F86F6DE4B605244F75E1425A8EDB6E85911A10A95BD0B2D2522BBCCC4EB0C568ED0DE8535253A7B9755511FB1985A78D232FFFCC6B94EBF443EF28C4F9C7B240DCECE732BCB1602ABE4B4630C5B3B885BC2E259196DB44553DD4DB61B0476AF852EC25C1B90B30A655D09EFD7FF0388686B3E01330ACBB4A7D47B9BB0CFFD344BF9184AF7519E299EF2D40686455936E2A6683AC6B4CB0F55C687411E64C361908F37410CCC9D071E8CB89FBF2A821BF7A2270330EE1C9FB300C6FD364316A4B8334BE484A6EB7ABEB419953350C6436EEEE2C9C9AB8AAEBBB9DA78D013B8DA8D2721BF39DA56B259F692911208D97EF6938589ED17E9B741C1F6A22E817BED6C552570AF5D237E09FC6BAF614A205E2D585ADB18A93340F5933C6A9F1E09754CB48FA6DBA406B1C7FCF14E67A66C65D6617A54D3B1954D75DF74E6CA66845D3A335D2BD2109343948EAD698A8B573353345D24D21E2A26C511E25F447782787B2D6AA17CE629F6F44AB0458753871A13A01352E96B5189860BD40A0B3173E450A3791B68D719DB94184D62C375F5614C496387F34300FD6D8719472DEE1A1EC6CF19B7732E509D53BAB42D97FAE7E1CFBE1E2CCEC1BD18FE9CBB1BB2E76B3142ED2F1A260D7EB80BDA55EE938789E1E79405486C05CD2C2E639F2DBC077C09B048726A026A0A3A277422D490F556FC70A41C0E88EF529263143A95D469EE568187D8D47799726AECBBACD3DCB70265B0A9EFC26037765D5469EE598E4DC5775CBBC442877591ACA3BA5473682DC36A1B92D1706A63A61A555DA36170772A40ACA9414519A0AD167CDBB60CBFE4951D55CA7B2433C610B5221466E12B9EF6DB17CA5090A15644422F5CF9BBF6FE02B10A116A4B08ECDEDA00A938252AA8ADC1F21BC19088983DE1408D581D6D460784FC7C0D0A3D30AEA7D400C98CCFA4664C1AEEF5C7F1B4BCC679EF48FA7A5B5F1806C09DE29B521440ED237C49A4F8EB12A6FEB626718A6846D06542A7AACE75B4894904C77144AA7017413EC10C7828AE3A4F327F03DC0C15E31721F98FFDE6B7ECF1BBA407E85D47B7FB6CB7CFD09061F8103037D07124D8D47F8E4ECAF27C7ABBC37FA5368680D8F4F1BD9ADBE8C7BD1F7815DF5792EB6A0A1238C42CAF85E1B9CCF0F5B0ED4B45E9268E340995E2AB22E37B18EE02442CBD8DD6E00976E10DA9F047B805EE4BAD872A22ED13C18AFDF4D207DB04846949A36E8FFE443AEC85CFDFFF0FA3BF4D36739E0000, N'6.2.0-61023')
INSERT [dbo].[__MigrationHistory] ([MigrationId], [ContextKey], [Model], [ProductVersion]) VALUES (N'202105280543265_updatesertvice', N'Corax.pt.Migrations.Configuration', 0x1F8B0800000000000400ED5DDB6EE4B8117D0F907F10FA2909BCDDBE640613A3BD0BAF7B9C18195F30ED59E4CDA025765B585D7A25B5D74E902FCB433E29BF105212255E2552F70616F33216C962B1582C5615C9D3FFFBCF7F973FBCF99EF50AA3D80D838BD9C9FC7866C1C00E1D37D85ECCF6C9E6BB4FB31FBEFFFDEF969F1DFFCDFA89D43BC3F550CB20BE98BD24C9EE7CB188ED17E88378EEBB7614C6E12699DBA1BF004EB8383D3EFECBE2E46401118919A26559CBAFFB20717D98FE81FEBC0A031BEE923DF06E43077A71FE1D95AC53AAD61DF061BC0336BC985D8511789BEF92795675665D7A2E406CACA1B799592008C2042488C9F36F315C2751186CD73BF401788FEF3B88EA6D8017C39CF9F3B2BAEE388E4FF13816654342CADEC749E81B123C39CB05B3E09B3712EFAC101C12DD6724E2E41D8F3A15DFC5EC3E72D0FCCD2CBEABF32B2FC2D504D9CEB3164716F97E5468005214FC0F15EDBD641FC18B00EE93087847D6C3FED973EDBFC3F7C7F067185C047BCFA3D9428CA132E603FAF410853B1825EF5FE18666F6C699590BB6F1826F5DB4E51B6643BA0992B3D3997587D800CF1E2CE69F1AFE3A0923F85718C00824D07900490223347D370E4C2528B0C075B84664F631E90FA91C5A3A33EB16BC7D81C13679B998A1FFCEAC6BF70D3AE44BCEC3B7C0452B0D354AA23DACEB261DD7235A34A4A715E236FB5B185C3525F4E7ABCB0849C2F4C9E9A70E98BE4A556D90AED6307A756D583FF31C993BF0EA6E534550F03EB3BE422FAD10BFB8BBCCD0E42BE3A9AC731D85FED7D02B965951F4B40EF7918D672D94973F82680B137DBEF28156B1555411B8CA4B544C91E2463CC18868562D6F7455398F658D4A5EA96A329E978BD20A56DAC6CBDD0E59AD9465B46F442646926B3A8AB56C62283B599386A6E72A441B7FF4DEBBB1BC749C08C6FD1BE547F076171A1A1C8EC4671FB85E05A3A71F3E76C068DA0B72B3366EE4C362E27F0CD1820281F90E02E2F8D73072FE06E297DE65BC86F63E42AB15EDB3FEAEF7DE1E5EC200DEEDFD676C0486EBABB3A979FC35BC0636F2683E07B8556B7A5F42FBE7709F7C0E1CEC6F7C4B6CD1FDD024D0093B97B68DD6F5355266E8A4C6A4DDE2C3061BFFAF83F5D7DCCFF080EBC7D22D93DB5A9E48D572CB94D710B64C4535D36DFE4BB875033D56495535AB598D5A56F36AA6AC62627A9CE635D58CA6156AF9CC6AB5724248C481E9A53354E586DC1681E065BCBB83C99CB49E6774AF23441319E99FE702D9234BBB71E9C39CEAFA306727CF9BB34F1F3E02E7ECE39FE1D987E1FD99FE633E2CCA51FC273C7DB8D3DEF7A6B4A79F80B7EFBAAB46AB213502DDAF8694ECF45743CA6619302DEA5B90CA88BC567DA2CFA66B8EE36CE8E5C00C73E8CE87B1018D960BDE8BBA5F2D98EAF4178B5C95A555F1809A68FD58D69FF03B118DCB9345461965D266942C099522349D72EDEC6287796592C4EB3B0A8DA85E5621127503BF048D701B0E90D859EF9F07EB6B053DF71546EF9D24DD5730A9CEF374E4B645102B5B6B765313B7EA3D697FE3836D0F1AAE8C0AB3DCAE24282476E929AB5106834C811004B2A59D047FDDEFDD87B16F1F4A0A7BEC7411D6347962839EEFA7BC5AA9C862A9A0CD922AAD543A5F1D657C60EC2790A60778A872404988499C6F5FB989FB4F185C81A86A481DEDECEECE437A38806B15869BFBCD4D80C6964EF9A59DB8AFE9D4F6DCF357F8CB1EC64927AECBE56E87962194D3AA3BEFF3772078AFB199DD0CF91A8DAAB773BFC61E45713CAD702C9872957FC15632B1C997711CDA99EEC94FBAC999023BDCCF8163E91D30647296E4D591D4915D76F137C417324633DEE2DE07C8C38609B4F0AAC017A6AE406C0347143E1A9B63C81F9111C59F24BBCE72F827A163B417C008B702F8EC3446BB8B1B24E2C6E106B6BB039E96C4B8D69A1B0F1642D10F5FB2823B18E0C16989448701650E6551F4C5CD509DA4960B4A13CD14343F49D25500FE58696A0ACA9D672914344F780FA2A0ACC4465050562407A7A0D901A2EEFC73A78953534FF61853A19D598C3A887232E21A413719794C5E35F96B89AA5957DE512CE79BDC16AE9B6535518912D5E8F8F17C7ED28D1A297819408114A2D5E999BE2D3B8AFAB05930D53C2B5262E52C970703FACA23CFA48DA13A524E06501CA958B52DCE6A5C8B430E2B6A6C8370FDB8037BC3DF59D650C44EF7D236F689E35D67B69587584DAC14371FADFB1F58E1A86BE43A4A22BB53DE95024A2EA28FB8EF29581A6EFB53C85B8701FA79CA281A26C9A3AB34A02AA92EBACE32B7B927B7BE22953FBC4FAF96D2000AA996844EE7F22B22C3BA636C0AB1C68152E413853DB13C9431F6D1E4D9C8115D352943C3796C52914F2C54CCB2C3A84D825AC048CC64AC9E71217C4B24A77488CFFCA02ECED3E3BC8660E26B98700F4DCB9434B7C50A1AC6B6CFCF2E85E6825ED5D01132BE32A292B4B0015972CDBD926C9ECC33209BDF49AFA49A19EC1AA2A5072CD02A8B6A68D43163C208592B150CA92EBAD206B2A4AB7A224155AE7E4CC1AF3DEDA38F628485C20AEB58FB9882A225535A7EE36725D1404A446DEBA524CBBE9BE4DF5B4989CB952BA44406D3B99472C5AF179224036C90036E2522365FAB90503E90D602125E3D8BA2A9CC406AE520A931C8F70BADA4639D501B8C9EBB23268EBD227DA69140A3385699668D8C590FE3E61F952B275D9A04D24903359A723EEFA321BF9683A75FAD570B41959830494D34178A2417D1835AC8AE9B8952A90BA675C3696A00526BA61BFDF66C21A5219BDA54548476FAC19DA8F89497556F40E4E15C0B852177518A68A3285B2E323C9FFCC372A100FE59DE82DDCE0DB6141050FEC55AE72840DFADCD1172FC8CC6C26674908F8D8A9E9230025BC895E23B4D0EBC76A3385981043C037C77E8CAF1856AD2D84AE123932E99F0499C38E22F93EAF8FFE49E950CB8471284E64DAFD1C87C1CC8A65710454B2334B4301413F040A442DBB90ABDBD1F701F79E553D321970C6932E49B3E150A2347E047765DAD8A169D86A48955A527D5D4E8A33D9A5AD5915F85B4CA1C3C2330756A1E2F366EEE85A483A06042BA9155572D6556997C7D5DE6A37E73A5AEA5A092332F60C339276027CC84938FFA748A4B8D349DE2A33E9D1CAC84A6927FD2A791A395D034F24F863428C00B81185566B05E194C1266C5322526AB8C011E61571A5364C0250D2FC230491734A2A790A8BC8681D60880228C0209A5FA9425D0223469497103DA129EF932839528A28F306B522CD6A75D4291D024CBAF93B1E89204551BF32EE65FCD0DBC068D7E4C3CC9E0F35366B85194A80ECC56517E36A495E33608C4F2EF93542565A2B1992A6539F776AAA4A0A1B6390C18026B722A111CD434198403991B2A457850D33353D809A8852AB5DA4C2BD2A38A764A2127D1AF8120A7D03415D5C9F468B35624DDDA4C968A88C624A99B761946D5D09252325BF00295FC93C11E50BC90677680E2ABC1A8E8E7F6CCC8E8027D7AEC937A9A205B624231112212F2CD4062E4D93C2330F2D1D0BCAE24CB5D723D534D257F15CFB825D9A7C92CF6EECC724B936C668EDB797BA27B3E31D75C48FF76608A550719FA16594D61CA4E79371949E65533635CE8020373475E2E33F68E7C34F22B552F93392F5355CDC07BA1DF22332E0C5D601085D3EF9199F89B2E30C9D3518F94D95C1D55A04F8F79884CD3630A06361AC2A10C5FA5E8BD389CE10E6196F98188CE4F34702724599599452C015A49EF7102FD39AE305FFFE25D792EC4E91252E11604EE06AB460AE0303B3D3E39E57EE8613A3FBAB08863C7931C28514018B25395617F06C1C5D2ADC59B300406609121825710D92F20FA830FDEFE48D36AF4EB060E6231E9E6D70D0863929B8D378103DF2E66FF4ADB9E5B37FF782A9B1F592953E7D6B1F56F1156C36C78E2EF2018315536EF92292ACEA19444839DA221CB4D37A8729587354300B79433A3166F13B0FB56EB8303B668458B01AD4FE7BC0D64BD545C290A9219577284FA67D79C3D193A7D2B814911E85B5194A0CC7745AF1311AA50E49BD05222C8CB4CBCCE60E588F24D5853A2C9375915E5518DA985272DD3CF47D64DFC2D7091677C6E3D226970769E5B595D21C64A4E4D86B0B5BDB8252C2E96D1469B35D5DD649B4176B75AE8222CB701B916D0DB0D34E3C050AB3BDBF69951744C7B4CD56E8E44DD4079944FA3749FE899A2388F6D26586C67236EB2A643CCACFC886578F0E57EA259166FB99D3F46632A6FBC1098BB133CCC713B0F56844D6E454F068DDC386267A191DB6D8F2CFC716396C8994D53DBB0EA324E674092FBDCEE9B1AEB89C4DBCD9C6F3CE8119CEFCAB391DF5CEF4EF25BDDA52725E0B4EDEC270B40DB72AFA901996D455D0224DBD8AA4A80649BE60024C0B2AD8629018FEDC0D2768DBE3A01BC40C973F9F1315687C411A9BAA76A10C74C1F497562CA9683288C8F973AB4B2A96EB24E5CD98C505127A66B19A2C5E8E0A7436B9AE22AD6C4144D17E3B4858A49118AF8B7D68DC0E30E452D940F48C59E0E04B5B43F7528D1061A61A01E8A4A545CCD5658888963921ACD5B4FBBCED0A6C468122B2EC2F7634A2A3B9C1EB6E86F3BCC306AF150F1E47ECA88A05301011DD3A5ADB9E63F0D7FF670503E7BF762F863F16698A1876284EADF388C1AFC7057B68BDC270F40C3CF290BBD580BC7995DCFBE9839CFF85A6096E4D484EA14744EE844A821EB2DFB494A39D010DFA524C728742AA953DDAD0269B1AAEF3CE554D9775EA7BA6F057E6155DF99C1AEEC3AAB52DDB31CF58AEFB87489850ECB22594765A9E6D06A86553724A3E194C64C35AAB246C5E01E54505B63C39532105E35C8B975197EC9BB3BAA94F748268C4EDA89509885AF000DE85E287D81917622127AE1CA5FCCB71748A7E0A35D0981DD5B2BC01AC7C41BED6AB0FC46D027D6664BA0512356079BD11EC1440F41A17B460C951A2099F119D58C49C3BDF608A11DAF71DE3B92BEE7D617860124A8F8CA140550FB005F12C9FE5AC1D8DD9624968866006D26742AEADC049B9044701C47A40A7711E41626C04171D56594B81B6027A818BF11497F4638BD778F5F2A3D43E726B8DF27BB7D82860CFD678FB9B08E23C1AAFE53DC5396E7E5FD0EFF15773104C4A68BEFD5DC073FEE5DCF29F8BE965C575390C021667E2D0CCF6582AF876DDF0B4A7761A04928175F11193F427FE72162F17DB006AFB0096F4885BFC02DB0DF4B3D5411A99F0856ECCB950BB611F0E39C46D91EFD8974D8F1DFBEFF3FB8C7001C359F0000, N'6.1.3-40302')
INSERT [dbo].[__MigrationHistory] ([MigrationId], [ContextKey], [Model], [ProductVersion]) VALUES (N'202105280546247_updatesert', N'Corax.pt.Migrations.Configuration', 0x1F8B0800000000000400ED5DDB6EE4B8117D0F907F10FA2909BCDDBE640613A3BD0BAF7B9C18195F30ED59E4CDA025765B585D7A25B5D74E902FCB433E29BF105212255E2552F70616F33216C96255B1582C16C9D3FFFBCF7F973FBCF99EF50AA3D80D838BD9C9FC7866C1C00E1D37D85ECCF6C9E6BB4FB31FBEFFFDEF969F1DFFCDFA89D43BC3F550CB20BE98BD24C9EE7CB188ED17E88378EEBB7614C6E12699DBA1BF004EB8383D3EFECBE2E46401118919A26559CBAFFB20717D98FE81FEBC0A031BEE923DF06E43077A71FE1D95AC53AAD61DF061BC0336BC985D8511789BEF92795675665D7A2E406CACA1B799592008C2042488C9F36F315C2751186CD73BF401788FEF3B88EA6D8017C39CF9F3B2BAAE1CC7A7588E45D99090B2F77112FA86044FCE72C52CF8E68DD43B2B148754F719A93879C752A7EABB98DD470E1ABF99C577757EE545B89AA0DB79D6E2C822DF8F0A0B408682FFA1A2BD97EC237811C07D1201EFC87AD83F7BAEFD77F8FE18FE0C838B60EF79345B883154C67C409F1EA27007A3E4FD2BDCD0CCDE38336BC1365EF0AD8BB67CC34CA49B20393B9D5977880DF0ECC162FC29F1D74918C1BFC200462081CE03481218A1E1BB7160AA418105AEC33522B38F497FC8E4D0D49959B7E0ED0B0CB6C9CBC50CFD77665DBB6FD0215F721EBE052E9A69A85112ED615D37A95C8F68D2909E5688DBEC6F41B86A4AE8CF5797519284E993D34F1D307D959ADA205DAD61F4EADAB07EE4393277E0D5DDA686A0E07D667D855E5A217E717799A3C967C65359E73A0AFDAFA1574CB3A2E8691DEE231B8F5A282F7F04D11626FA7CE58256B1555411B8CA4B544C91E2463CC18858562D6F7455398F658D4A5EA96A329E978BD20B56FAC6CBDD0E79AD9465B46E44264E926B3A8AB76CE2283B999386AEE72A440B7FF4DEBBB3BC749C08C6FD3BE547F076171A3A1C8EC4671FB85E05A3A71F3E76C068DA0B0AB3366EE4C362E07F0CD1840281F90A02E2F8D73072FE06E297DE75BC86F63E42B315ADB3FEAEF7DE1E5EC200DEEDFD67EC0486EBABB3A179FC35BC06368A683E07B8556B7A5F42FBE7709F7C0E1C1C6F7C4B6C31FCD024D0093B97B68DE6F5353266E8A4CEA4DDE4C30E1BFFAF83F9D73CCEF080EBC7D225935B5A9E48D572C994D710964C4535D365FE4BB875033D56495535AB598D5A56F36AA6AC62627A9CE635D58CA6156AF9CC6AB50A42C88E03D34B47A82A0CB92D368297F1EE0E2673D27A9ED1BD8E104DE4A47F9E0B648F2CEDC6650C73AA1BC39C9D3C6FCE3E7DF8089CB38F7F86671F868F67FADFF361558E123FE1E1C39DF6BE36A53DFD04BC7DD75D359A0DA913E87E36A464A73F1B5236CB0DD3A2BE05A98CC86BD527F66C3AE738CE869E0E8C9843773E8C0F68345DF05AD4FD6CC154A73F59E4A62CAD8A056A62F563797FC2EF442C2E4F16196594499B51B224548AD074C8B5B38B1DE6954912AFEF5D6844F5B20A91AA1BC42548C26D38406267BD7F1EACAF154CAA53331D455A11C4F6D13AAD9F7AA555EF79F61B1F6C7B304AE5462E4BC74AF671C4953C6535CAFD1B5320ECDBD8D24EF66BDD2FB787B1D41E4AD679EC0C0FB634792E821EEFA7BC5A69C862A960CD922AAD4C3A9F1D65486FBCB493A607780E72407983491C495FB989FB4F185C81A84AA48E166377E7213B1C201A0AC3CDFDE62640B2A5437E6927EE6B3AB43DF7FC15FEB28771D2C911FFE56E87A62194D3AA3BA2F3772078AFF199DD887C8DA4EAEDA8AE7144519C282B020BA65C155FB0954C7CF2651C8776667BF2C369720CC08AFB39702CBD33814CCF925438D23AF2CB2EFE86F842CE68C67BDCFB60053D98400BCF0A7CC7E90AC4367044E523D91C43FE888E28FE24097196C33F091DA3B50046B815C0C79D315A5DDC2011170E37B0DD1DF0B434C6B5D65C78B0128A7EF89215DCC1000BA7A5121D0694698F45D1173742759A5A2E284B3433D0FCF047D700F893A0A919287704A530D03C473D8881B21A1BC14059951C9C8166677EBAE3CF1D004ECD3CD993478575667BD4418C9351D708B6C9E863F2A6C9DF24548DBAF25A6139DEE4826FDD28AB894A8CA8C6C68FE7F3936ECC48C1CB0006A450AD4ECFF405D751CC87CD82A9C65991122B47B9CCE5EB1B8F3C933686E9483919C070A46AD5F638AB713D0E395FA8F10DC28DE10EFC0D7FCD58C3103B5D4BDBF8278E779DD1569E3B35F152DC78B4EE7F6083A36E7EEB1889EC1A78570628B93B3EE2BAA76069B8E54FA16F1D06E81725A35898248FAEB280AAA4BA183ACBC2E69EC2FA8A54FEF031BD5A4B0318A45A133A9DCB6F750C1B8EB129C49A004A914F14D6C4F250C63846936723470CD5A40C0D17B149553EB1AD62961D466D12D40246622663F58C0BE15B2239A5437CE60775719E1EE72D04135FC3847B1B5AA6A4B92556B030B67D7E76293417ECAA868E90F1951195A4850DC8929BE99564F3649E01D9FC1A7925D5CC61D7102D23608156595443A38E191346C85CA960487537957690255DD5AB06AA72F5FB077EEE691F7D141216062BCC63ED630A8A96CC68F9859FD544032D11B3ADD7922CFB6E927F6FA5252E57AED01211A6732DE5865FAF244906D82007DC4A456CBE56A1A15C90D60A121E2A8BAAA9CC406AE5202919E4EB8556D2B14EA90DA4E7EE8889B257A4CF34126814C72AD7AC9131EB416EFE1DB872D0A549209D3450A321E7F33E1AFA6B293CFDD0BC5A09AAC484496AA2B95224B9881ECC4276DD4CD44ADD665A773B4D0920F566BABBDF9E3DA474CBA67615155B3BFDCD9D68F8549455EF40E4DBB9160643EEA214BB8DA26CB9C82078F20FCB8502AB67790B763B37D852D83DF9176B9D03F77CB73607B5F1331A0B9BB1417E6F54F4948411D842AE14DF6972E0B51BC5C90A24E019E0BB43578E2F5493EEAD143132E992D93E890347E265521DFF9FDCB39261ED4836A179D36B24998F37B2E91544D1D3080D2D8C9E043C10A90072AE426FEF07DC47DEF8D474C825439A0CF9A64F8582B511F8915D57ABA245A721696255E9493535FA688FA65675E457A1AD3207CF284C9D9AC7938D1B7B21E9201898906E64CD55CB98552E5FDF96F95DBFB951D75250E99957B0E198137C1266C0C9477D3AC5A5469A4EF1519F4E8E2F4253C93FE9D3C80146681AF927431A144685408C2A3398AF0C8C08336399129359C66085B0338D2932E09246046198A40B1AD15368545EC3C06A040C10C68084527DCA1234109AB4A4B8016D09CF7C99C14C14014398392916EBD32ED1436892E5D7C978744982AA8D7B17F3AFE60E5E83463F2E9E64F0F921335C284A200666A9283F1BD2CAA1160462F9F7499A9232D1D8CC94B29C7B3B5352D050FB1C06BF80753995A00B6A9A0C28812C0C958232A8E99919EC04CC42955A6D6615E951453BA39093E8D7419053689A8AEA647AB4512B926E6D064B45446390D44DBBDC46D5D09252329BF00295FC93C11A503C6A675680E2AB8154F40B794632BA409F1E79054F9322DF0CE4238FDC19F1C8474367B8924C4EC9654A3595FC0D3B1344649F263335BB73A22D1DA899F36C179B89C1F4C402692159DB81E3541D3BE8FB4F35852987D0DDE40F9937C88C73A10B0CDC1D7967CCF83BF2D1280A54BD23E6624255358358837E39CC041C7481C19E997E3DCCEC96E90293AC1AF5A498CDAC5105FAF49867C3343DA66060A7211CA1F0558ADE8BA314EEC864991F5FE8FC0602779E91559959C413A099F41E27D09FE30AF3F52FDE95E7429CDC20156E41E06EB069A4700BB3D3E39353EE9714A6F3AB068B38763CC9F10F055B213B0319F677065CACDD5A7408C367FC2C8E43F00A22FB05447FF0C1DB1F695A8D7E3EC0412C26DDFC7C00614C720FF12670E0DBC5EC5F69DB73EBE61F4F65F3232B65EADC3AB6FE2D8260988927FED080115365F32E99A27625949168B0533464B9E906B6ADF268650898957264D4EA6D8226DF6A7E703014AD6831A8F0E998B7C18497AA2BC52C32E34A0E01FFEC9AB327837F6FA53029C47B2B8A1218F7AEE875A242154C7B135A4A8876998BD711560ED9DE8435255C7B9359511EAC987A78D232FD7C64DDC4DF021745C6E7D623D206E7E7B999D51524ABE48C63085FDB4B58C2A258192DB45953DD45B6192676AB892EE25E1B906B816DDDC0320E0C16BAB3659F91A263DA639A7673A8E706C6A37CC8A4FBA0CE1426796C37C182271B7193351D6264E50722C3A31BF7B39B65018DDBC5633468F1C60B817938C1E308B78B60455CE256F458ECE1762B1A8B2FDC78DF4F8E599A4EE755975B6B0685B8CF15BAA97F9DC816B959BC8C851E215EAE3CCEF82D5AEE2425D55D465182FEDACEE5B108AF2D97871A14D756D42548AD8DBDAA04A9B5E9B65D82DCDA4A4C093A6B079EB66B78D30900F249DEA38F0F623A245047D5455083ADC7F4A14A27666C394AC1F880A4431B9BEAAAE8C48DCD08767462B69641468C8E2E3AB4A5296E4F4DCCD07441445B98981402887FCCDC089DED50CC42F94253ECE9406041FB3387F2397F2390D14331898ABBCF0A0F3171D04FA371EB69D519DA95180D62C54DF37E5C496587D303EFFC6D8519C62C1E2ADEB44F1972732A289B6386B43537F3A711CF1E0E8C66EF510C7F92DD0C94F3509C50FDB38451373FDC2DEB22F7C923BCF063CA621BD6E25D6637AA2F66CE33BEC997253935B130059B133A116AC87ACB7EF3518EE4C37729C9310A9D4AEA5477AB8032ACEA3B4F3955F69DD7A9EE5B011058D577E6B02BBBCEAA54F72C8795E23B2E4362A1C3B248D65159AA295A8D5875221989533A339554658D0AE11E54585663E38132185935D0B475197EC95339AA948F48260CFFD989529889AF7895DFBD52FA42FBEC4425F4C4953F496FAF904ED13DBB5202BBB656A0218E09E8D995B0FC42D02798654B244F2356071BD11ED13A0FC1A07B86E4943A2099F319D58D49B77BED21383B9EE37C74247D82ADAF0C03CC4DF16128DA40ED037C4924FB6B0563775B9258229A01B499AD5351E726D8846407C77144AA7017416E61021CB4AFBA8C127703EC0415E3671DE9EFF4A657E5F1E3A267E8DC04F7FB64B74F90C8D07FF6983BE6782758D57F0A2CCAF2BCBCDFE1BFE22E44406CBAF85ECD7DF0E3DEF59C82EF6BC975350509BCC5CCAF85E1B14CF0F5B0ED7B41E92E0C3409E5EA2B76C68FD0DF7988587C1FACC12B6CC21B32E12F700BECF7D20E5544EA078255FB72E5826D04FC38A751B6477F221B76FCB7EFFF0F0CB5FC57499E0000, N'6.1.3-40302')
INSERT [dbo].[__MigrationHistory] ([MigrationId], [ContextKey], [Model], [ProductVersion]) VALUES (N'202105280546529_updateservicadddtime', N'Corax.pt.Migrations.Configuration', 0x1F8B0800000000000400ED5DDB6EE4B8117D0F907F10FA2909BCDDBE640613A3BD0BAF7B9C18195F30ED59E4CDA025765B585D7A25B5D74E902FCB433E29BF105212255E2552F70616F33216C962B1582C5615C9D3FFFBCF7F973FBCF99EF50AA3D80D838BD9C9FC7866C1C00E1D37D85ECCF6C9E6BB4FB31FBEFFFDEF969F1DFFCDFA89D43BC3F550CB20BE98BD24C9EE7CB188ED17E88378EEBB7614C6E12699DBA1BF004EB8383D3EFECBE2E46401118919A26559CBAFFB20717D98FE81FEBC0A031BEE923DF06E43077A71FE1D95AC53AAD61DF061BC0336BC985D8511789BEF92795675665D7A2E406CACA1B799592008C2042488C9F36F315C2751186CD73BF401788FEF3B88EA6D8017C39CF9F3B2BAEE388E4FF13816654342CADEC749E81B123C39CB05B3E09B3712EFAC101C12DD6724E2E41D8F3A15DFC5EC3E72D0FCCD2CBEABF32B2FC2D504D9CEB3164716F97E5468005214FC0F15EDBD641FC18B00EE93087847D6C3FED973EDBFC3F7C7F067185C047BCFA3D9428CA132E603FAF410853B1825EF5FE18666F6C699590BB6F1826F5DB4E51B6643BA0992B3D3997587D800CF1E2CE69F1AFE3A0923F85718C00824D07900490223347D370E4C2528B0C075B84664F631E90FA91C5A3A33EB16BC7D81C13679B998A1FFCEAC6BF70D3AE44BCEC3B7C0452B0D354AA23DACEB261DD7235A34A4A715E236FB5B185C3525F4E7ABCB0849C2F4C9E9A70E98BE4A556D90AED6307A756D583FF31C993BF0EA6E534550F03EB3BE422FAD10BFB8BBCCD0E42BE3A9AC731D85FED7D02B965951F4B40EF7918D672D94973F82680B137DBEF28156B1555411B8CA4B544C91E2463CC18868562D6F7455398F658D4A5EA96A329E978BD20A56DAC6CBDD0E59AD9465B46F442646926B3A8AB56C62283B599386A6E72A441B7FF4DEBBB1BC749C08C6FD1BE547F076171A1A1C8EC4671FB85E05A3A71F3E76C068DA0B72B3366EE4C362E27F0CD1820281F90E02E2F8D73072FE06E297DE65BC86F63E42AB15EDB3FEAEF7DE1E5EC200DEEDFD676C0486EBABB3A979FC35BC0636F2683E07B8556B7A5F42FBE7709F7C0E1CEC6F7C4B6CD1FDD024D0093B97B68DD6F5355266E8A4C6A4DDE2C3061BFFAF83F5D7DCCFF080EBC7D22D93DB5A9E48D572CB94D710B64C4535D36DFE4BB875033D56495535AB598D5A56F36AA6AC62627A9CE635D58CA6156AF9CC6AB5724248C481E9A53354E586DC1681E065BCBB83C99CB49E6774AF23441319E99FE702D9234BBB71E9C39CEAFA306727CF9BB34F1F3E02E7ECE39FE1D987E1FD99FE633E2CCA51FC273C7DB8D3DEF7A6B4A79F80B7EFBAAB46AB213502DDAF8694ECF45743CA6619302DEA5B90CA88BC567DA2CFA66B8EE36CE8E5C00C73E8CE87B1018D960BDE8BBA5F2D98EAF4178B5C95A555F1809A68FD58D69FF03B118DCB9345461965D266942C099522349D72EDEC6287796592C4EB3B0A8DA85E5621127503BF048D701B0E90D859EF9F07EB6B053DF71546EF74D2BD5998B982497592A7239F2D8258D35A1F10A4F66DD57BC6FEC607DB1ED45B191266895D4944488CD25356A38C0499022102644B3B89FCBADFB80F63D33E94FCF5D8B922AC69F2AC063DDF4F79B55291C552419B25555AA974BE3ACAE0C0D849204D0FF044E58032109338DCBE7213F79F30B80251D5903ADAD6DD9D87F47000BF2A0C37F79B9B008D2D9DF24B3B715FD3A9EDB9E7AFF0973D8C934E2E0B5CEE7668194239ADBAC33E7F0782F71A9BD9CD90AFD1A87A3BF46BEC511467D30AC7822957F9176C25139B7C19C7A19DE99EFC989B1C28B0C3FD1C3896DEE942266749521D491DD965177F437C216334E32DEE7D80DC6B98400BAF0A7C5BEA0AC4367044E1A3B13986FC111951FC4952EB2C877F123A467B018C702B800F4E63B4BBB841226E1C6E60BB3BE069498C6BADB9F1602114FDF0252BB883011E9C9648741850265016455FDC0CD5496AB9A034D14C41F363245D05E0CF94A6A6A0DC61964241F36CF7200ACA4A6C0405654572700A9A9D1EEACE3F77943835F564CF3015DA99C5A883282723AE11749391C7E45593BF93A89A75E505C572BEC955E1BA5956139528518D8E1FCFE727DDA8918297011448215A9D9EE9ABB2A3A80F9B0553CDB3222556CE72792AA0AF3CF24CDA18AA23E56400C5918A55DBE2ACC6B538E4A4A2C63608778F3BB037FC85650D45EC742F6D639F38DE75665B7982D5C44A71F3D1BAFF81158EBA43AEA324B20BE55D29A0E416FA88FB9E82A5E1B63F85BC7518A0DFA68CA261923CBA4A03AA92EAA2EB2C739B7B72EB2B52F9C3FBF46A290DA0906A49E8742EBF1F32AC3BC6A6106B1C28453E51D813CB4319631F4D9E8D1CD1559332349CC72615F9C442C52C3B8CDA24A8058CC44CC6EA1917C2B744724A87F8CC0FEAE23C3DCE6B0826BE8609F7CAB44C49735BACA0616CFBFCEC52682EE8550D1D21E32B232A490B1B902577DC2BC9E6C93C03B2F985F44AAA99C1AE215A7AC002ADB2A886461D33268C90B552C190EA962B6D204BBAAAF71154E5EA9714FCDAD33EFA28465828ACB08EB58F29285A32A5E5377E56120DA444D4B65E4AB2ECBB49FEBD9594B85CB9424A64309D4B2957FC7A214932C00639E0562262F3B50A09E503692D20E1C9B3289ACA0CA4560E921A837CBFD04A3AD609B5C1E8B93B62E2D82BD2671A09348A639569D6C898F5306EFE45B972D2A549209D3450A329E7F33E1AF26B3978FAC97AB51054890993D44473A14872113DA885ECBA992895BA605A379CA60620B566BAD16FCF16521AB2A94D454568A71FDC898A4F7959F506441ECEB550187217A588368AB2E52203F3C93F2C170AD49FE52DD8EDDC604BA100E55FAC750E01F4DDDA1C1EC7CF682C6C4607F9D8A8E8290923B0855C29BED3E4C06B378A931548C033C07787AE1C5FA8268DAD143E32E992099FC48923FE32A98EFF4FEE59C9507B244168DEF41A8DCCC7816C7A0551B43442430BE330010F442AA89DABD0DBFB01F791573E351D72C9902643BEE953A10072047E64D7D5AA68D169489A58557A524D8D3EDAA3A9551DF95548ABCCC1330253A7E6F162E3E65E483A080A26A41B5975D5526695C9D7D7653EEA3757EA5A0A2A39F302369C738274C24C38F9A84FA7B8D448D3293EEAD3C9914A682AF9277D1A3954094D23FF64488342BB1088516506EB95012461562C5362B2CA18D41176A53145065CD2D8220C937441237A0A89CA6B18688D8026C2289050AA4F59822B4293961437A02DE1992F33588922F408B326C5627DDA250E094DB2FC3A198B2E4950B531EF62FED5DCC06BD0E8C7C4930C3E3F65861B4509E9C06C15E567435A396883402CFF3E495552261A9BA95296736FA74A0A1A6A9BC32021B026A712BE414D93813790B9A1527807353D33859D805AA852ABCDB4223DAA68A7147212FD1A08720A4D53519D4C8F366B45D2ADCD64A988684C92BA699761540D2D2925B3052F50C93F19EC01C5F378660728BE1A8C8A7E6BCF8C8C2ED0A7C7BEA7A709B225261413212221DF0C24469ECD3302231F0DCDEB4AB2DC25D733D554F257F18C5B927D9ACC62EFCE2CB734C966E6B89DB727BAE71373CD85F46F07A6587590A16F91D514A6EC94779391645E3533C6852E303077E4E53263EFC84723BF52F53299F33255D50CBC17FA2D32E3C2D005065138FD1E9989BFE902933C1DF54899CDD55105FAF49887C8343DA66060A3211CCAF0558ADE8BC319EE1066991F88E8FC3E03774292559959C412A095F41E27D09FE30AF3F52FDE95E7429C2E21156E41E06EB06AA4000EB3D3E39353EE571EA6F38B0B8B38763CC981120584213B5519F637105C2CDD5ABC09436000161922780591FD02A23FF8E0ED8F34AD463F6DE02016936E7EDA803026B9D9781338F0ED62F6AFB4EDB975F38FA7B2F9919532756E1D5BFF166135CC8627FE0882115365F32E99A2E21C4A4934D8291AB2DC7403295779583304704B39336AF13641BA6FB53E38608B56B418C4FA74CEDBE0D54BC595A22099712587A77F76CDD99341D3B71298147EBE154509C47C57F43A11A10A42BE092D257CBCCCC4EB0C560E27DF843525947C9355511ED5985A78D232FD7C64DDC4DF021779C6E7D623920667E7B995D5155CACE4D464085BDB8B5BC2E262196DB45953DD4DB6195E77AB852E62721B906B81BBDD40330E0CB2BAB36D9F1945C7B4C754EDE630D40D9447F9344AF7899E2984F3D86682057636E2266B3AC4CCCA8F5886475EEE279A65C196DBF96334A0F2C60B81B93BC1631CB7F36045CCE456F464B8C84D7C261615B9DDCEC8221F37CE1F90E39AA66661D56588CEE023F7B9D337B5D31309B59BF9DD78D023F8DD95C722BF79DD9DA4B6BACB4C4A7069DB994E167BB6E53653832FDB8ABA0443B6B1559560C8360DFF2598B2AD8629C18DEDC0D2760DBC3A01A840C94BF9F1E155878410A9BAA26A10C24C1F447562CA96E3278C0F953AB4B2A92EB14E5CD98C005127A66B1998C5E8B8A7436B9AE216D6C4144D17DEB4858A49C189F867D68D70E30E452D946F47C59E0E04B0B43F752881061AC19F1E8A4A54DCCA56588889C3911ACD5B4FBBCED0A6C468122BEEC0F7634A2A3B9C1EACE86F3BCC306AF150F1DA7ECA60A053C1FF1CD3A5ADB9E13F0D7FF670003E7BF762F813F16670A1876284EA9F378C1AFC70B7B58BDC278F3DC3CF298BBA588BC499DDCCBE9839CFF8466096E4D444E914744EE844A821EB2DFB354A39C610DFA524C728742AA953DDAD0264B1AAEF3CE554D9775EA7BA6F05746155DF99C1AEEC3AAB52DDB31CF08AEFB87489850ECB22594765A9E6D06A86553724A3E194C64C35AAB246C5E01E54285B63239532E85D35A0B975197EC9933BAA94F748260C4CDA89509885AFC00BE85E287DE1907622127AE1CA1FCBB71748A7B8A35D0981DD5B2B701AC7841AED6AB0FC46D027CC664B8C512356079BD11E71440F41A17B060B951A2099F119D58C49C3BDF6E0A01DAF71DE3B923EE5D61786011AA8F8C0140550FB005F12C9FE5AC1D8DD9624968866006D26742AEADC049B9044701C47A40A7711E41626C04171D56594B81B6027A8183F0F497F4138BD728F1F293D43E726B8DF27BB7D82860CFD678FB9AB8E23C1AAFE53C85396E7E5FD0EFF15773104C4A68BEFD5DC073FEE5DCF29F8BE965C575390C021667E2D0CCF6582AF876DDF0B4A7761A04928175F11193F427FE72162F17DB006AFB0096F4885BFC02DB0DF4B3D5411A99F0856ECCB950BB611F0E39C46D91EFD8974D8F1DFBEFF3F6E246C752D9F0000, N'6.1.3-40302')
INSERT [dbo].[__MigrationHistory] ([MigrationId], [ContextKey], [Model], [ProductVersion]) VALUES (N'202105280750194_updateorder', N'Corax.pt.Migrations.Configuration', 0x1F8B0800000000000400ED5D596FE4B8117E0F90FF20F4531278BB7D640613A3BD0BAFDBDE18191F98F62CF266D012BB2D8C8E5E49EDB513E497E5213F297F21A4244A3C2552B783855FDC3C8AC562B1582C929FFEFBEFFF2C7F78F53DEB0546B11B0667B3A3F9E1CC82811D3A6EB03D9BED93CD779F663F7CFFFBDF2D2F1DFFD5FA99943BC1E550CD203E9B3D27C9EE74B188ED67E88378EEBB7614C6E12699DBA1BF004EB8383E3CFCCBE2E86801118919A26559CB2FFB20717D98FE403F2FC2C086BB640FBC9BD0815E9CA7A39C754AD5BA053E8C77C08667B38B3002AFF35D32CF8ACEAC73CF05888D35F436330B04419880043179FA3586EB240A83ED7A871280F7F0B683A8DC067831CC993F2D8BEBF6E3F018F763515624A4EC7D9C84BE21C1A3935C300BBE7A23F1CE0AC121D15D2211276FB8D7A9F8CE66779183C66F66F14D9D5E78112E26C8769ED538B048FA41A1014851F01FCADA7BC93E826701DC2711F00EACFBFD93E7DA7F836F0FE137189C057BCFA3D9428CA13C260125DD47E10E46C9DB17B8A199BD7666D682ADBCE06B1775F98A5997AE83E4E47866DD2236C093078BF1A7BABF4EC208FE04031881043AF72049608486EFDA81A9040516B806D788CC3E26ED219543536766DD80D7CF30D826CF6733F4EFCCBA725FA14352721EBE062E9A69A85212ED615D3369BF1ED0A4212DAD10B7D96FA173D594D0CF1797119284E9A3E34F1D307D91AADA204DAD61F4E2DAB07EE435C4BC820970BD6186F4CAF560F72DDD8217779BAAB7624466D617E8A505E267779799CF7CBE3F9665AEA2D0FF127A85F128B21ED7E13EB231E3A13CFF01445B98E8F3950F5F155B451181AB3C47C514C96EC4138CC87CA9E58D2E2AE7B12C51C92B554CC6F37251DAF64A8B7FBEDB215B9CB28C56C3C8C4F473554759039A98FF4E2C8DA1CDB808913B13BDF56E2FCE1D278271FF4BCD0378BD0DDB99D14BBFDA801E7FF8D801A3692BC879DCB8910F8B81FF3144130A04E6EB2288E35FC3C8F92B889F7B97F11ADAFB08CD56E43DF8BBDE5BBB7F0E0378BBF79FB01118AEADCE86E6E1D7F00AD8C84FBB0C70ADD6F43E87F6B7709F5C060EF6A2BE26B6E8546912E8849D73DB46F3FA0A2933745263D26EF261838DFFEB60FED5B5ACF6333CE0FAB174C9E496964752B45C32E52584255351CC7499FF1C6EDD408F555254CD6A56A296D5BC9829AB98981EA7794935A369815A3EB352AD9C10B28FC2F4D211AA72436E8AEDED79BCBB85C99CD49E6774AF22441319E96F7381EC81A55DB9F4618E757D9893A3A7CDC9A70F1F8173F2F1CFF0E4C3F0FE4CFF3B592CCA51FC273C7CB8D1DED7A6B4A59F81B7EFBAA946B3213502DDCF8694ECF46743CA66B9615AD4D720851179ADF2449F4DE71CC7D9D0D381E9E6D08D0F63031A4D17BC16753F5B30D5E94F16B92A4B8BE20E35D1FAB1AC3FE177221A97078B8CE2E4A4CE2851122AF0693AE4DA31D30EA3E52488D7F72E34A25A598548D40DFC12D4C36D38406067BD7F1AACAD15F4DC1718BDD14709CDB6990345C92F228835ADF5B1476ADF56BD9F435CFB603B64403F0BEC4A7684C4283D6625CA9D209321EC00D9DC4E767EDD2FDCEF63D17E2FF1EBB1634558D3E4510D7ABC1FF362A5228BB982364B8AB452E97C76949B03632781547D87272AEF2802318923FB0B3771FF01830B105575A9A365DDDD79480F07F0ABC27073B7B90E50DFD2213FB713F7251DDA9E5BFE027FD9C338E9E40AC4F96E87A62194D3AA3BECF3772078ABB199DD74F90AF5AAB743BFC61E457136AD702C987C957FC11632B1C9E7711CDA99EEC98FB9C98102DBDDCBC0B1F44E1732394B82EA48EAC82EBB380DF1858CD18CB7B8770172AF61022D3C2BF01DB00B10DBC011858FFAE618F2476444F12709ADB31CFE496818AD0530C2B5003E388DD1EAE20689B870B881EDEE80A72531AEB6E6C2838550B4C3E7ACE00E06B8735A22D16140194059146D71235427A9E582D2443305CD8F917415803F539A9A827287590A05CDA3DD8328282BB111149415C9BB53D0ECF45077FCB9A3C4A9A9277B86A9D0CE6C8F3A887232E21A413719794C5E35F93B89AA51575E502CC79B5C80AE1B6535518912D5E8F8E17C7ED48D1A297819408114A2D56999BE003C8AFAB05130D5382B4262E52897A702FACA238FA48DA13A524E06501CA958B52DCE6A5C8B434E2A6A6C8370F7B8037BC35F58D650C44ED7D236F689E35D67B49527584DAC14371EADDB1F58E1A83BE43A4A22BB50DE95024A6EA18FB8EE29581A6EF953C85B8701FAC5CD281A2689A3AB34A02AA82EBACE32B7B927B7BE22943FBC4FAF96D2000AA996844EE3F2FB21C3BA636C08B1C68152C4138535B13C9431F6D1E4D1C8115D352943C3796C52914F6CAB984587519D04D5809118C9583DE14CF89A484EE9109FF9415D9C87C7790DC1C4D730E1DECE9621696E8915348CAD9F9F5D0AD505BDAAA123447C654425616103B2E48E7B25D93C98674036BF905E493533D835444B0F58A05566D5D0A863C6841132572A1852DD72A50D644957F53E822A5CFD92829F7BDA471F450F0B8515E6B1F63105454BA6B4FCC2CF4AA2819488DAD64B49167D3789BFB79212172B57488974A67329E58A5F2F244904D82006DC4A446CBC5621A1BC23AD05243C791645531981D48A41527D90AF175A41C73AA136E83D77474CEC7B45F84C23804671AC32CD1A11B31EFACDBF28570EBA3408A413066A34E47CDC47437E2D3B4F3F59AF16822A3061129A682E14492CA207B5905D3713A552B799D6DD4E531D905A33DDDD6FCF1652BA65539B8A8AAD9DFEE64E547CCACBAA3720F2ED5C0B852177518ADD4691B75C64104579C272A1C0325ADE80DDCE0DB614B6519E62AD7360A3EFD6E6A03F7E466361333AC8EF8D8A969230025BC8E5E23B4D0EBC72A3385981043C017C77E8C2F18562D2BD95C247264D32DB2771E088BF4C8AE3FFC93D2B19169164139A57BD423DF3F14636BD82285A1AA1A285D1A5800722192A0BDEC35E84DEDE0FB8445EF9D474C825439A0C49D3A742C1FE08FCC8AEAB55D1A2C39034B1AAF0A49A1A7DB44753AB3AF2AB905619836704A60ECDD7C88CBC4E10A446320CE965383D02B52C59A4B55C707A29044404E51742A1EC54D29A68AAE5487F9EF11109F309574B4125677EF00DF591A0B030CA4812F5E914172E693A45A23E9D1C4585A69227E9D3C86154681A7992210D0A89432046E519D812062C85B1264C8E8905601051582BC064197049E39E304CD2198DE829242A2F61A03502D209A34042AE3E6509E6094D5A92DD80B684673ECF60268AB028CC9C14B3F56997182934C9327532165D123C6B63DEC5D8B0B981D7A0D18F8927A70BFC90192E1425DC04B35494C986B472400981589E3E49555206419BA952761ED04E951434D436874169604D4E25B4849A2603BD207391A5D0136A7A660A3B01B550857D9B69457A8CD24E29E424FA3510E4849CA6A23A351F6DD48A80609BC15211D1182475D521B67845E45642C96CC20B54F2248335A078BACFAC0045AA41AF681C00A66774863E3DF6AD3F4D90CD31A128EEAACD37D4C5937E466024D1D0BCAE24D35D7275544D257FB1CFB82559D264267B7766B9A5493633C7EDBC3DD13D9F986B2E84A63B30C5AA43167D8BACA63065A7BC9B6829F3E29A312E748681B923AFAA197B47128DFC4AD5AB69CECB541533F05EE877D28C0B436718ECC2E9B7D2CCFE9BCE3089D3510FA8D9581D95A14F8F79244DD3633206361AC281115FA468BD3838E20E8896F9618DCE1731B8D39BACC8CC229600CDA4B73881FE1C1798AF7FF12E3C17E2700929700302778355230597981D1F1E1D73DFD598CE372E1671EC7892C32E0AA44376E233EC57275C2CDD5A2C0C43D00216B522780191FD0CA23FF8E0F58F34AD461F9370108B49371F93208C496E5D5E070E7C3D9BFD33AD7B6A5DFFFDB1AC7E60A54C9D5A87D6BF44C80FB3EE899F9D3062AAACDE2553D43E8752120D768A8A2C37ED3F6CD15E85E88F5718506BFC01830653BA1DE44DA937EAC16FF28D8056A2E720415AD162B0FE538D6C83F42F15578A1F65C6951CD8FFC935674F06EADF4A6052E0FE561425E0FC5DD1EB44842AF0FD26B494C0FBB20548A7B37220FE26AC2941F89BCC8AF220C974FD2135D3E403EB3AFE1AB8C86F3FB51E9034B855889B595D01ED4ACE7486B0B5BD384D2CA298911B9055D575019A219DB79AE8229A791F6B70CD11CDFF25D87767CB3ED38B8E698FA9DACD01BC1B288FF2519958B41BF0EBB1CD040B896DC44D56758891951F000D8F59DDCF5E9B85A96EE78FD150D41B2F04E6EE048F0EDDCE8315D1A65BD193214A37F1993ADC9C7298D18DA31BE430A9A959587519406090A5FB5CE99BDAE9896CB59BF9DDB8D323F8DD958736BF79DD9D04DEBA8B9B4A107DDB994E16B5B7E5325383CCDB8ABA047DB7B15595A0EF36DDFE4BD0785B755382B8DB81A5ED1AB27602208B128C81F1816987045FA9BA406BB085993EFCECC4942D479E181F64766865535DB19DB8B21941C94E4CD7321890D1116387D634C51DB189299A2E306C0B1593C23AF10FD41B21EEBD17B550BEBA155B7A2750AFFDA94309D1D00838F6BDA844C59D718585983890ABD1B8F5B4EA0C6D4A8C06B1E2867E3FA6A4B2C1E901B2FEB6C20CA316F71538055386519D0A72EA982E6DCDFB8369F8B3EF071AB5772F863F116F06B4FA5E8C50FDE38B51373FDC5DF222F6C9A3F6F063CAE255D6629866F7C6CF66CE13BE1198053935F14D059D131A114AC85ACBBEE3294767E29B94C41885462565AA9B55C05356B59D879C2ADBCECB54B7AD007DAC6A3B33D8954D6745AA5B964385F10D972EB1D06099256BA8CCD5EC5A4DB7EABA64D49DD298A97A5596A8E8DCBD0A9F6C6C8C5706F7AC066EB82EC22F791048E5F21EC984215D3B110A33F1156806DD0BA52F04D74E44424F5CF953FEF602E914B1B52B21B06B6B05C2E59820AD5D75965F08FA04286D89CE6AC4EA6023DA2302EB7B50E89E6156A50648667C463563D2ED5E7B58D58EE738EF1D491F9AEB0BC30047557CFE8A3650FB005F12C97EAD60EC6E4B124B44338036B3752ACA5C079B90ECE0388E4811EE22C80D4C8083F655E751E26E809DA06CFC3C24FDF6727AE51E3F527A82CE7570B74F76FB047519FA4F1E73571DEF04ABDA4FC162599E97773BFC2BEEA20B884D17DFABB90B7EDCBB9E53F07D25B9AEA62081B798F9B5303C9609BE1EB67D2B28DD868126A15C7CC5CEF801FA3B0F118BEF823578814D78432AFC196E81FD56EAA18A48FD40B0625FAE5CB08D801FE734CAFAE827D261C77FFDFE7F1C67BFC13DA10000, N'6.1.3-40302')
INSERT [dbo].[__MigrationHistory] ([MigrationId], [ContextKey], [Model], [ProductVersion]) VALUES (N'202105280826562_updateidentity', N'Corax.pt.Migrations.Configuration', 0x1F8B0800000000000400ED5D596FE4B8117E0F90FF20F4531278BB7D640613A3BD0BAFDBDE18191F98F62CF266D012BB2D8C8E5E49EDB513E497E5213F297F21A4244A3C2552B783855FDC3C8AC562B1582C929FFEFBEFFF2C7F78F53DEB0546B11B0667B3A3F9E1CC82811D3A6EB03D9BED93CD779F663F7CFFFBDF2D2F1DFFD5FA99943BC1E550CD203E9B3D27C9EE74B188ED67E88378EEBB7614C6E12699DBA1BF004EB8383E3CFCCBE2E86801118919A26559CB2FFB20717D98FE403F2FC2C086BB640FBC9BD0815E9CA7A39C754AD5BA053E8C77C08667B38B3002AFF35D32CF8ACEAC73CF05888D35F436330B04419880043179FA3586EB240A83ED7A871280F7F0B683A8DC067831CC993F2D8BEBF6E3F018F763515624A4EC7D9C84BE21C1A3935C300BBE7A23F1CE0AC121D15D2211276FB8D7A9F8CE66779183C66F66F14D9D5E78112E26C8769ED538B048FA41A1014851F01FCADA7BC93E826701DC2711F00EACFBFD93E7DA7F836F0FE137189C057BCFA3D9428CA13C260125DD47E10E46C9DB17B8A199BD7666D682ADBCE06B1775F98A5997AE83E4E47866DD2236C093078BF1A7BABF4EC208FE04031881043AF72049608486EFDA81A9040516B806D788CC3E26ED219543536766DD80D7CF30D826CF6733F4EFCCBA725FA14352721EBE062E9A69A85212ED615D3369BF1ED0A4212DAD10B7D96FA173D594D0CF1797119284E9A3E34F1D307D91AADA204DAD61F4E2DAB07EE435C4BC820970BD6186F4CAF560F72DDD8217779BAAB7624466D617E8A505E267779799CF7CBE3F9665AEA2D0FF127A85F128B21ED7E13EB231E3A13CFF01445B98E8F3950F5F155B451181AB3C47C514C96EC4138CC87CA9E58D2E2AE7B12C51C92B554CC6F37251DAF64A8B7FBEDB215B9CB28C56C3C8C4F473554759039A98FF4E2C8DA1CDB808913B13BDF56E2FCE1D278271FF4BCD0378BD0DDB9951ACD3BDF379E9575BE9E30F1FBB6A0579A81B37F261A15D3F86A88720305F7C411CFF1A46CE5F41FCDCBB80D6D0DE47C8242017C5DFF5DEDAFD7318C0DBBDFF842DCD706D7536340FBF8657C046CEE065806BB5A6F739B4BF85FBE43270B0ABF635B145CF4D934027EC9CDB36321E574899A1935AAC76331CAF0AF8BF0EE65F5DCB6A67C603AE1F4BD7656EFD7A2445CB75595E42589715C54C7D89CFE1D60DF4582545D5AC66256A59CD8B99B28A89E9719A9754339A16A8E5332BD5CAD3219B354C2F1DA12A5FE7A6D8439FC7BB5B98CC49ED7946F72A42349191FE3617C81E58DA954B47E958D7513A397ADA9C7CFAF01138271FFF0C4F3E0CEF34F5BF5DC6A21CC549C3C3871BED7D6D4A5BFA1978FBAE9B6A341B5223D0FD6C48C94E7F36A46C96BBB2457D0D521891D72A4FF4D974CE719C0D3D1D986E0EDDF83036A0D174C9362E5DCF164C75FA9345AECAD2A2B8434DB47E2CEB4FF89D88C6E51129A3603CA9334A28868AAE9A0EB97660B6C3903C8914F6BD0B8DA8565621127503BF04F5701B0E103D5AEF9F066B6B053DF705466FF47945B36DE640A1F88B08624D6B7DB692DAB755EF871DD73ED80E796A90458F253B4262941EB312E54E90C91076806C6E273BBFEE17EEF7B168BF9720F9D8B122AC69F2A8063DDE8F79B15291C55C419B25455AA9743E3BCACD81B19340AABEC3639B77148198C4BD800B3771FF01830B105575A9A365DDDD79480F07F0ABC27073B7B90E50DFD2213FB713F7251DDA9E5BFE027FD9C338E9E49EC5F96E87A62194D3AA3B51F4772078ABB199DD74F90AF5AAB793C5C61E457100AE702C987C957FC11632B1C9E7711CDA99EEC9CFD2C98102DBDDCBC0B1F44E1732394B82EA48EAC82EBB380DF1858CD18CB7B8770172AF61022D3C2BF045B30B10DBC011858FFAE618F2476444F12709ADB31CFE496818AD0530C2B5003E388DD1EAE20689B870B881EDEE80A72531AEB6E6C2838550B4C3E7ACE00E06B8735A22D16140194059146D71235427A9E582D2443305CD8F917415803F539A9A827287590A05CDA3DD8328282BB111149415C9BB53D0ECF45077FCB9A3C4A9A9277B86A9D0CE6C8F3A887232E21A413719794C5E35F98B8FAA5157DE822CC79BDCB2AE1B6535518912D5E8F8E17C7ED48D1A297819408114A2D56999BE653C8AFAB05130D5382B4262E52897A702FACA238FA48DA13A524E06501CA958B52DCE6A5C8B434E2A6A6C8370C1B9037BC3DF8AD650C44ED7D236F689E35D67B49527584DAC14371EADDB1F58E1A88BEA3A4A22BBB5DE95024AAEBA8FB8EE29581A6EF953C85B8701FA59CF281A2689A3AB34A02AA82EBACE32B7B927B7BE22943FBC4FAF96D2000AA996844EE3F2FB21C3BA636C08B1C68152C4138535B13C9431F6D1E4D1C8115D352943C3796C52914F6CAB984587519D04D5809118C9583DE14CF89A484EE9109FF9415D9C87C7790DC1C4D730E11EE89621696E8915348CAD9F9F5D0AD505BDAAA123447C654425616103B2E48E7B25D93C98674036BF905E493533D835444B0F58A05566D5D0A863C6841132572A1852DD72A50D644957F53E822A5CFD92829F7BDA471F450F0B8515E6B1F63105454BA6B4FCC2CF4AA2819488DAD64B49167D3789BFB79212172B57488974A67329E58A5F2F244904D82006DC4A446CBC5621A1BC23AD0524BCAB1645531981D48A41527D90AF175A41C73AA136E83D77474CEC7B45F84C23804671AC32CD1A11B31EFACD3F5B570EBA3408A413066A34E47CDC47437E2D3B4FBF8BAF16822A3061129A682E14492CA207B5905D3713A552B799D6DD4E531D905A33DDDD6FCF1652BA65539B8A8AAD9DFEE64E547CCACBAA3720F2ED5C0B852177518ADD4691B75C64384879C272A1004C5ADE80DDCE0DB61480529E62AD73F4A4EFD6E6C8427E466361333AC8EF8D8A969230025BC8E5E23B4D0EBC72A3385981043C017C77E8C2F18562D2BD95C247264D32DB2771E088BF4C8AE3FFC93D2B19E09164139A57BD423DF3F14636BD82285A1AA1A28521AC80072219F40BDEC35E84DEDE0FB8445EF9D474C825439A0C49D3A742610B09FCC8AEAB55D1A2C39034B1AAF0A49A1A7DB44753AB3AF2AB905619836704A60ECDD7C88CBC4E10A446320CE965604002B52C59A4B55C707A29044404E51742A1EC54D29A68AAE5487F9EF11109F309574B4125677EF00DF59140BD30CA4812F5E914172E693A45A23E9D1CAA85A69227E9D3C8E21034095964A28A420EC44293C8930C6950581E02312ACFC01A31702B8C3D62724C6C0883A9C2DA1126CB804B1A39856192CE68444F2151790903BD13B05218151472F5294B505368D292EC06B4253CF37906735904566166B598AD4FBB4459A14996A993591324E1B7360B84185D365F223468F4B34890F3097EC80C979A12B082596CCA64435A392485402C4F9FA42A29C3A8CD54293B5168A74A0A1A6A9BC3E03CB026A7129C424D93016F9039D952F00A353D33859D805AA802C7CDB4227577DA29859C44BF06829CB1F39EDBA446AD0829B6192C15118D4152571D629358C47E2594CC26BC40254F3258038AC7FFCC0A50A41AF48A4612607A4667E8D363D10268826C8E0945715F6EBE252F40011881914443F3BA924C77C9E5533595FCCD3FE39664499399ECDD99E59626D9CC1CB7F3F644F77C62AEB910DCEEC014AB8E69F42DB29AC2949DF26EE2ADCC9B6DC6B8D01906E68EBCCB66EC1D4934F22B55EFAE392F5355CCC07BA15F5A332E0C9D61B00BA75F5B33FB6F3AC324D2473DC166A37D54863E3DE699354D8FC918D86808474E7C91A2F5E2E8893B625AE6C73D3A1FEEE0CE7FB222338B58023493DEE204FA735C60BEFEC5BBF05C88C325A4C00D08DC0D568D149E62767C7874CC7DFE633A9FE258C4B1E3498ECB28980FD999D1B01FC770B1746BD1340C610F58DC8BE00544F63388FEE083D73FD2B41A7DF3C2412C26DD7CF3823026B9B7791D38F0F56CF6CFB4EEA975FDF7C7B2FA819532756A1D5AFF124143CCBA277E1DC388A9B27A974C51FB1C4A4934D8292AB2DCB4FFFE467B15A2BFB16140ADF177161A4CE976A039A5DEA807BFC9A70C5A899E031569458BF92441AA912D3E48D08A13E6A30352B9A750560D880A40F64FAE793F65DF1768D55FE937045A51947C27A02B7A9D8850F51D8026B494DF0090AD643A9D957F13A0096BCAEF0134995EE58994E942466AA6C907D675FC3570D106E0D47A40D2E096336E667585F92B391C1AC268F7E27DB1E06646FE445655D7976806BADE6AA28BC0EA7D2CE635673DFF97B8E39DF90F4C2F3AA63DA66A37C7126FA03CCAF76D62D16E70B8C736132C3AB7113759D52146567E92343C7C763F9B761631BB9D3F46A3626FBC1098BB133C50753B0F5604BE6E454F066EDDC467EA7097CBC157370E939053A9A66661D565248201B9EE73A56F6AA727B2676FE677E34E8FE077579EFEFCE6757712C1EB2E002B01176E673A5900E196CB4C0D48702BEA1220E0C656550204DC74FB2F01066ED54D09F86F0796B66BF4DC09E03D4AE00EC6C7C81D1207A6EA26AEC11666FA48B81353B61C04637CBCDBA1954D755777E2CA66846A3B315DA30F494604AF1D5AD31497CD26A668BA18B52D544C8A30C5BF956F04FEF75ED442F900586CE99DA0CEF6A70E255A44230CDBF7A2121597CF151662E298B246E3D6D3AA33B429311AC48AABFEFD9892CA06A7870DFBDB0A338C5ADC5740264C19D1752A20AE63BAB4350F19A6E1CFBE1F94D6DEBD18FE44BC19E6EB7B3142F5AF3846DDFC7097D28BD8270F20C48F290B9D590BA79A5D403F9B394FF86A6116E4D4845A15744E684428216B2DFBA4A81C288A6F521263141A9594A96E56819459D5761E72AA6C3B2F53DDB6027FB2AAEDCC6057369D15A96E598E5AC6375CBAC442836596ACA13257B36B35DDAAEB9251774A63A6EA5559A2A273F72AA8B4B1E1661908B61AE4E3BA08BFE4652195CB7B24134697ED4428CCC457C022742F94BEC0643B11093D71E59800ED05D229786C574260D7D60AB0CD31F162BBEA2CBF10F48995DA1228D688D5C146B44730D8F7A0D03D23BE4A0D901CC26D443326DDEEB54778ED788EF3DE91F4C5BABE300C205DC577B46803B50FF02591ECD70AC6EEB624B144340368335BA7A2CC75B009C90E8EE38814E12E82DCC00438685F751E25EE06D809CAC6CF43D2CF40A757EEF123A527E85C0777FB64B74F5097A1FFE43177D5F14EB0AAFD14B796E57979B7C3BFE22EBA80D874F1BD9ABBE0C7BDEB3905DF5792EB6A0A12788B995F0BC36399E0EB61DBB782D26D186812CAC557EC8C1FA0BFF310B1F82E588317D88437A4C29FE116D86FA51EAA88D40F042BF6E5CA05DB08F8714EA3AC8F7E221D76FCD7EFFF07B7933AEF2DA20000, N'6.1.3-40302')
GO
INSERT [dbo].[AspNetRoles] ([Id], [Name]) VALUES (N'1', N'Admin')
INSERT [dbo].[AspNetRoles] ([Id], [Name]) VALUES (N'3', N'Provider')
INSERT [dbo].[AspNetRoles] ([Id], [Name]) VALUES (N'2', N'User')
GO
INSERT [dbo].[AspNetUserRoles] ([UserId], [RoleId]) VALUES (N'5348942f-36de-49f2-8548-bdc0e2231b0f', N'1')
INSERT [dbo].[AspNetUserRoles] ([UserId], [RoleId]) VALUES (N'001b227f-c533-43f2-84f8-a094a7452fc4', N'2')
INSERT [dbo].[AspNetUserRoles] ([UserId], [RoleId]) VALUES (N'a0709331-cf1d-4b86-86f4-afb3c1a11988', N'2')
INSERT [dbo].[AspNetUserRoles] ([UserId], [RoleId]) VALUES (N'379ba73c-7de3-4a76-ac5a-082ff0b841d4', N'3')
INSERT [dbo].[AspNetUserRoles] ([UserId], [RoleId]) VALUES (N'8e5959aa-4d6e-4eac-a46a-6f02f3ee2b0f', N'3')
INSERT [dbo].[AspNetUserRoles] ([UserId], [RoleId]) VALUES (N'a9c098b1-2fcf-465a-8a4e-cce345d1fa0d', N'3')
GO
INSERT [dbo].[AspNetUsers] ([Id], [Email], [EmailConfirmed], [PasswordHash], [SecurityStamp], [PhoneNumber], [PhoneNumberConfirmed], [TwoFactorEnabled], [LockoutEndDateUtc], [LockoutEnabled], [AccessFailedCount], [UserName], [Country], [Address], [TaxNo], [Role]) VALUES (N'001b227f-c533-43f2-84f8-a094a7452fc4', N'Asgharkhan@live.com', 0, N'AHbiOijeg5yQgS06LSNDqrAPKGrKekVAKW3KNTHPT6yBKDCvx4eKS12GdGLenUfzew==', N'46885b23-ee72-471e-8e8a-8885730e6dbe', N'21988293', 0, 0, NULL, 1, 0, N'Asgharkhan@live.com', N'Pakistan', N'knmanm', 23, N'User')
INSERT [dbo].[AspNetUsers] ([Id], [Email], [EmailConfirmed], [PasswordHash], [SecurityStamp], [PhoneNumber], [PhoneNumberConfirmed], [TwoFactorEnabled], [LockoutEndDateUtc], [LockoutEnabled], [AccessFailedCount], [UserName], [Country], [Address], [TaxNo], [Role]) VALUES (N'379ba73c-7de3-4a76-ac5a-082ff0b841d4', N'ussama.ahmed05@gmail.com', 0, N'AHIpUneNsS8WE/3S0VaIFL3wwaLG8fJDQfh9v+2mEZrn6XCmO67WNzP97Z33I8I3uA==', N'7be07648-b45e-4e3a-ba4b-86e9d8e91478', N'03434343434', 0, 0, NULL, 1, 0, N'ussama.ahmed05@gmail.com', N'Pakistan', N'knmanm', 12121, N'Provider')
INSERT [dbo].[AspNetUsers] ([Id], [Email], [EmailConfirmed], [PasswordHash], [SecurityStamp], [PhoneNumber], [PhoneNumberConfirmed], [TwoFactorEnabled], [LockoutEndDateUtc], [LockoutEnabled], [AccessFailedCount], [UserName], [Country], [Address], [TaxNo], [Role]) VALUES (N'5348942f-36de-49f2-8548-bdc0e2231b0f', N'admin@admin.com', 0, N'AN2lXb6T40SGXtfA0esWBleuaZD+KgctLsZN3inoJ0h2qB30zM3Dy7HAMuCJZmLfJg==', N'3fdd8482-392a-4e8b-9b51-a2070d3c375d', NULL, 0, 0, NULL, 1, 0, N'admin@admin.com', N'pk', N'admin', 1233211, NULL)
INSERT [dbo].[AspNetUsers] ([Id], [Email], [EmailConfirmed], [PasswordHash], [SecurityStamp], [PhoneNumber], [PhoneNumberConfirmed], [TwoFactorEnabled], [LockoutEndDateUtc], [LockoutEnabled], [AccessFailedCount], [UserName], [Country], [Address], [TaxNo], [Role]) VALUES (N'8e5959aa-4d6e-4eac-a46a-6f02f3ee2b0f', N'usama@ienjoyit.co', 0, N'AMVjMkOlCkDSJ2PoOyA0nBYi2vIPtkdT7PmrKzCIuhsdXKby1sITu2sbmoN2CGXr3A==', N'ed4ae77c-1030-4a83-b6ce-453d93c68cbe', N'781818', 0, 0, NULL, 1, 0, N'usama@ienjoyit.co', N'Pakistan', N'knmanm', 21323, N'Provider')
INSERT [dbo].[AspNetUsers] ([Id], [Email], [EmailConfirmed], [PasswordHash], [SecurityStamp], [PhoneNumber], [PhoneNumberConfirmed], [TwoFactorEnabled], [LockoutEndDateUtc], [LockoutEnabled], [AccessFailedCount], [UserName], [Country], [Address], [TaxNo], [Role]) VALUES (N'a0709331-cf1d-4b86-86f4-afb3c1a11988', N'usernew@gmail.com', 0, N'ABMrBVAhSpeGII2MAqF4zCyYXO5iM32tyG7hXpAMsmzxG97D6w1S78J55LYkXTIyNA==', N'1a0fb52c-1937-44e7-9d6d-52d35995c50e', N'09876', 0, 0, NULL, 1, 0, N'usernew@gmail.com', N'Pakistan', N'rmk', 123321, N'User')
INSERT [dbo].[AspNetUsers] ([Id], [Email], [EmailConfirmed], [PasswordHash], [SecurityStamp], [PhoneNumber], [PhoneNumberConfirmed], [TwoFactorEnabled], [LockoutEndDateUtc], [LockoutEnabled], [AccessFailedCount], [UserName], [Country], [Address], [TaxNo], [Role]) VALUES (N'a9c098b1-2fcf-465a-8a4e-cce345d1fa0d', N'user@gmail.com', 0, N'AH+aIrtxAraXPPubM+Ozlp3knSMMGp5okg78zb/Oxhd6Wousn47APKa4wuS4wwn+7w==', N'9b738393-51ac-4fd6-81c7-e5ac2a7f4d91', NULL, 0, 0, NULL, 1, 0, N'user@gmail.com', N'Pakistan', N'rmk', 123321, NULL)
GO
SET IDENTITY_INSERT [dbo].[Orders] ON 

INSERT [dbo].[Orders] ([OrderId], [Status], [OrderTime], [ProviderId], [CustomerId], [ServiceId], [OrderDetail], [OrderFile]) VALUES (4, N'Accepted', CAST(N'2021-05-28T15:54:55.990' AS DateTime), N'379ba73c-7de3-4a76-ac5a-082ff0b841d4', N'8e5959aa-4d6e-4eac-a46a-6f02f3ee2b0f', 3, N'I want a web app', N'/Files/23ed1498-34bc-4a05-993d-551219f6567cLayout clean responsive generic.png')
SET IDENTITY_INSERT [dbo].[Orders] OFF
GO
SET IDENTITY_INSERT [dbo].[ServiceProviders] ON 

INSERT [dbo].[ServiceProviders] ([Id], [UserId], [Status], [CitizenCard], [Diploma], [ProofOfInitiationActivity], [RequestTime], [ApproveTime], [CompanyName], [FullAddress]) VALUES (3, N'a9c098b1-2fcf-465a-8a4e-cce345d1fa0d', N'Accepted', N'/Files/0be0220b-e258-4e26-9700-f5c5534da1edgetting error.PNG', N'/Files/0a3b97dd-6744-45d8-8710-0ef3ad84acf5is na.PNG', N'/Files/ac104d0d-2326-413c-8d7e-5153d18efc59load odder.PNG', CAST(N'2021-05-28T10:16:36.377' AS DateTime), NULL, N'Wed', N'rmk')
INSERT [dbo].[ServiceProviders] ([Id], [UserId], [Status], [CitizenCard], [Diploma], [ProofOfInitiationActivity], [RequestTime], [ApproveTime], [CompanyName], [FullAddress]) VALUES (5, N'379ba73c-7de3-4a76-ac5a-082ff0b841d4', N'Accepted', N'/Files/3f8342db-b554-4de4-b61e-c51a3d0f2f4eLayout clean responsive generic.png', N'/Files/a9063eef-2652-4e82-bb5e-6bff3adf20adLayout clean responsive generic.png', N'/Files/bdb08527-5ff3-47d8-9de7-f13330e9e253Layout clean responsive generic.png', CAST(N'2021-05-28T15:48:41.600' AS DateTime), NULL, N'Usama', N'New')
INSERT [dbo].[ServiceProviders] ([Id], [UserId], [Status], [CitizenCard], [Diploma], [ProofOfInitiationActivity], [RequestTime], [ApproveTime], [CompanyName], [FullAddress]) VALUES (6, N'8e5959aa-4d6e-4eac-a46a-6f02f3ee2b0f', N'Accepted', N'/Files/5f96045b-93a9-4744-b8d7-c6d7a0d365ffLayout clean responsive generic.png', N'/Files/b872b147-cf3f-4e4f-9837-7520ecc0712fLayout clean responsive generic.png', N'/Files/e7f6e2e0-c591-4034-983b-3599e2b054ceLayout clean responsive generic.png', CAST(N'2021-05-28T15:54:32.630' AS DateTime), NULL, N'Fiverr', N'Newe')
SET IDENTITY_INSERT [dbo].[ServiceProviders] OFF
GO
SET IDENTITY_INSERT [dbo].[Services] ON 

INSERT [dbo].[Services] ([ServiceId], [Price], [Category], [SubCategory], [Detail], [Created], [UserID], [Image], [Service], [DeliveryTime]) VALUES (3, 23, N'Design', N'Design Logo', N'Best in the world', CAST(N'2021-05-28T15:49:40.117' AS DateTime), N'379ba73c-7de3-4a76-ac5a-082ff0b841d4', N'/Files/67dbb6c4-d917-49ba-9e02-327a041eae44IMG-20210523-WA0009.jpg', N'Dot net developer', 22)
SET IDENTITY_INSERT [dbo].[Services] OFF
GO
SET ANSI_PADDING ON
GO
/****** Object:  Index [RoleNameIndex]    Script Date: 5/30/2021 2:02:19 AM ******/
CREATE UNIQUE NONCLUSTERED INDEX [RoleNameIndex] ON [dbo].[AspNetRoles]
(
	[Name] ASC
)WITH (PAD_INDEX = OFF, STATISTICS_NORECOMPUTE = OFF, SORT_IN_TEMPDB = OFF, IGNORE_DUP_KEY = OFF, DROP_EXISTING = OFF, ONLINE = OFF, ALLOW_ROW_LOCKS = ON, ALLOW_PAGE_LOCKS = ON) ON [PRIMARY]
GO
SET ANSI_PADDING ON
GO
/****** Object:  Index [IX_UserId]    Script Date: 5/30/2021 2:02:19 AM ******/

ALTER TABLE [dbo].[AspNetUsers] ADD  DEFAULT ((0)) FOR [TaxNo]
GO
ALTER TABLE [dbo].[Services] ADD  DEFAULT ((0)) FOR [DeliveryTime]
GO
ALTER TABLE [dbo].[AspNetUserClaims]  WITH CHECK ADD  CONSTRAINT [FK_dbo.AspNetUserClaims_dbo.AspNetUsers_UserId] FOREIGN KEY([UserId])
REFERENCES [dbo].[AspNetUsers] ([Id])
ON DELETE CASCADE
GO
ALTER TABLE [dbo].[AspNetUserClaims] CHECK CONSTRAINT [FK_dbo.AspNetUserClaims_dbo.AspNetUsers_UserId]
GO
ALTER TABLE [dbo].[AspNetUserLogins]  WITH CHECK ADD  CONSTRAINT [FK_dbo.AspNetUserLogins_dbo.AspNetUsers_UserId] FOREIGN KEY([UserId])
REFERENCES [dbo].[AspNetUsers] ([Id])
ON DELETE CASCADE
GO
ALTER TABLE [dbo].[AspNetUserLogins] CHECK CONSTRAINT [FK_dbo.AspNetUserLogins_dbo.AspNetUsers_UserId]
GO
ALTER TABLE [dbo].[AspNetUserRoles]  WITH CHECK ADD  CONSTRAINT [FK_dbo.AspNetUserRoles_dbo.AspNetRoles_RoleId] FOREIGN KEY([RoleId])
REFERENCES [dbo].[AspNetRoles] ([Id])
ON DELETE CASCADE
GO
ALTER TABLE [dbo].[AspNetUserRoles] CHECK CONSTRAINT [FK_dbo.AspNetUserRoles_dbo.AspNetRoles_RoleId]
GO
ALTER TABLE [dbo].[AspNetUserRoles]  WITH CHECK ADD  CONSTRAINT [FK_dbo.AspNetUserRoles_dbo.AspNetUsers_UserId] FOREIGN KEY([UserId])
REFERENCES [dbo].[AspNetUsers] ([Id])
ON DELETE CASCADE
GO
ALTER TABLE [dbo].[AspNetUserRoles] CHECK CONSTRAINT [FK_dbo.AspNetUserRoles_dbo.AspNetUsers_UserId]
GO
ALTER TABLE [dbo].[Orders]  WITH CHECK ADD  CONSTRAINT [FK_dbo.Orders_dbo.AspNetUsers_CustomerId] FOREIGN KEY([CustomerId])
REFERENCES [dbo].[AspNetUsers] ([Id])
GO
ALTER TABLE [dbo].[Orders] CHECK CONSTRAINT [FK_dbo.Orders_dbo.AspNetUsers_CustomerId]
GO
ALTER TABLE [dbo].[Orders]  WITH CHECK ADD  CONSTRAINT [FK_dbo.Orders_dbo.AspNetUsers_ProviderId] FOREIGN KEY([ProviderId])
REFERENCES [dbo].[AspNetUsers] ([Id])
GO
ALTER TABLE [dbo].[Orders] CHECK CONSTRAINT [FK_dbo.Orders_dbo.AspNetUsers_ProviderId]
GO
ALTER TABLE [dbo].[Orders]  WITH CHECK ADD  CONSTRAINT [FK_dbo.Orders_dbo.Services_ServiceId] FOREIGN KEY([ServiceId])
REFERENCES [dbo].[Services] ([ServiceId])
ON DELETE CASCADE
GO
ALTER TABLE [dbo].[Orders] CHECK CONSTRAINT [FK_dbo.Orders_dbo.Services_ServiceId]
GO
ALTER TABLE [dbo].[ServiceProviders]  WITH CHECK ADD  CONSTRAINT [FK_dbo.ServiceProviders_dbo.AspNetUsers_UserId] FOREIGN KEY([UserId])
REFERENCES [dbo].[AspNetUsers] ([Id])
GO
ALTER TABLE [dbo].[ServiceProviders] CHECK CONSTRAINT [FK_dbo.ServiceProviders_dbo.AspNetUsers_UserId]
GO
ALTER TABLE [dbo].[Services]  WITH CHECK ADD  CONSTRAINT [FK_dbo.Services_dbo.AspNetUsers_UserID] FOREIGN KEY([UserID])
REFERENCES [dbo].[AspNetUsers] ([Id])
GO
ALTER TABLE [dbo].[Services] CHECK CONSTRAINT [FK_dbo.Services_dbo.AspNetUsers_UserID]
GO
